{
  "annotations": [{
    "risk_score": 110,
    "method": "onCreate",
    "file_name": "Activity1.java",
    "class_name": "de.ecspride.Activity1",
    "short_description": "tobedetermined sms ",
    "long_description": "",
    "start_line": 12,
    "start_col": 0,
    "sub_annotations": [{
      "start_line": 16,
      "end_line": 0,
      "start_col": 0,
      "method": "sendTextMessage",
      "class_name": "android.telephony.SmsManager",
      "risk_score": 85,
      "description": "sms "
    }, {
      "start_line": 0,
      "end_line": 0,
      "start_col": 0,
      "method": "0",
      "class_name": "",
      "risk_score": 25,
      "description": "tobedetermined "
    }, {
      "start_line": 13,
      "end_line": 0,
      "start_col": 0,
      "method": "32515",
      "class_name": "",
      "risk_score": 25,
      "description": "tobedetermined "
    }, {
      "start_line": 16,
      "end_line": 0,
      "start_col": 0,
      "method": "\"+49\"",
      "class_name": "",
      "risk_score": 25,
      "description": "tobedetermined "
    }]
  }, {
    "risk_score": 105,
    "method": "onCreate",
    "file_name": "Activity2.java",
    "class_name": "de.ecspride.Activity2",
    "short_description": "tobedetermined deviceid ",
    "long_description": "",
    "start_line": 12,
    "start_col": 0,
    "sub_annotations": [{
      "start_line": 16,
      "end_line": 0,
      "start_col": 0,
      "method": "getDeviceId",
      "class_name": "android.telephony.TelephonyManager",
      "risk_score": 80,
      "description": "deviceid "
    }, {
      "start_line": 13,
      "end_line": 0,
      "start_col": 0,
      "method": "2130903041",
      "class_name": "",
      "risk_score": 25,
      "description": "tobedetermined "
    }, {
      "start_line": 15,
      "end_line": 0,
      "start_col": 0,
      "method": "\"phone\"",
      "class_name": "",
      "risk_score": 25,
      "description": "tobedetermined "
    }]
  }]
}