{
  "annotations": [{
    "risk_score": 110,
    "method": "sendTaint",
    "file_name": "FieldSensitivity1.java",
    "class_name": "de.ecspride.FieldSensitivity1",
    "short_description": "tobedetermined sms ",
    "long_description": "",
    "start_line": 29,
    "start_col": 0,
    "sub_annotations": [{
      "start_line": 30,
      "end_line": 0,
      "start_col": 0,
      "method": "sendTextMessage",
      "class_name": "android.telephony.SmsManager",
      "risk_score": 85,
      "description": "sms "
    }, {
      "start_line": 0,
      "end_line": 0,
      "start_col": 0,
      "method": "0",
      "class_name": "",
      "risk_score": 25,
      "description": "tobedetermined "
    }, {
      "start_line": 30,
      "end_line": 0,
      "start_col": 0,
      "method": "\"+49 1234\"",
      "class_name": "",
      "risk_score": 25,
      "description": "tobedetermined "
    }]
  }, {
    "risk_score": 107,
    "method": "setTaint",
    "file_name": "FieldSensitivity1.java",
    "class_name": "de.ecspride.FieldSensitivity1",
    "short_description": "tobedetermined serialid ",
    "long_description": "",
    "start_line": 22,
    "start_col": 0,
    "sub_annotations": [{
      "start_line": 25,
      "end_line": 0,
      "start_col": 0,
      "method": "getSimSerialNumber",
      "class_name": "android.telephony.TelephonyManager",
      "risk_score": 82,
      "description": "serialid "
    }, {
      "start_line": 23,
      "end_line": 0,
      "start_col": 0,
      "method": "\"abc\"",
      "class_name": "",
      "risk_score": 25,
      "description": "tobedetermined "
    }, {
      "start_line": 24,
      "end_line": 0,
      "start_col": 0,
      "method": "\"phone\"",
      "class_name": "",
      "risk_score": 25,
      "description": "tobedetermined "
    }]
  }, {
    "risk_score": 25,
    "method": "onCreate",
    "file_name": "FieldSensitivity1.java",
    "class_name": "de.ecspride.FieldSensitivity1",
    "short_description": "tobedetermined ",
    "long_description": "",
    "start_line": 14,
    "start_col": 0,
    "sub_annotations": [{
      "start_line": 15,
      "end_line": 0,
      "start_col": 0,
      "method": "32515",
      "class_name": "",
      "risk_score": 25,
      "description": "tobedetermined "
    }]
  }]
}