{
  "annotations": [{
    "risk_score": 190,
    "method": "onCreate",
    "file_name": "HashMapAccess1.java",
    "class_name": "de.ecspride.HashMapAccess1",
    "short_description": "tobedetermined deviceid sms ",
    "long_description": "",
    "start_line": 29,
    "start_col": 0,
    "sub_annotations": [{
      "start_line": 37,
      "end_line": 0,
      "start_col": 0,
      "method": "sendTextMessage",
      "class_name": "android.telephony.SmsManager",
      "risk_score": 85,
      "description": "sms "
    }, {
      "start_line": 33,
      "end_line": 0,
      "start_col": 0,
      "method": "getDeviceId",
      "class_name": "android.telephony.TelephonyManager",
      "risk_score": 80,
      "description": "deviceid "
    }, {
      "start_line": 0,
      "end_line": 0,
      "start_col": 0,
      "method": "0",
      "class_name": "",
      "risk_score": 25,
      "description": "tobedetermined "
    }, {
      "start_line": 30,
      "end_line": 0,
      "start_col": 0,
      "method": "32515",
      "class_name": "",
      "risk_score": 25,
      "description": "tobedetermined "
    }, {
      "start_line": 33,
      "end_line": 0,
      "start_col": 0,
      "method": "\"tainted\"",
      "class_name": "",
      "risk_score": 25,
      "description": "tobedetermined "
    }, {
      "start_line": 33,
      "end_line": 0,
      "start_col": 0,
      "method": "\"phone\"",
      "class_name": "",
      "risk_score": 25,
      "description": "tobedetermined "
    }, {
      "start_line": 34,
      "end_line": 0,
      "start_col": 0,
      "method": "\"untainted\"",
      "class_name": "",
      "risk_score": 25,
      "description": "tobedetermined "
    }, {
      "start_line": 34,
      "end_line": 0,
      "start_col": 0,
      "method": "\"Hello World\"",
      "class_name": "",
      "risk_score": 25,
      "description": "tobedetermined "
    }, {
      "start_line": 37,
      "end_line": 0,
      "start_col": 0,
      "method": "\"+49 1234\"",
      "class_name": "",
      "risk_score": 25,
      "description": "tobedetermined "
    }, {
      "start_line": 37,
      "end_line": 0,
      "start_col": 0,
      "method": "\"untainted\"",
      "class_name": "",
      "risk_score": 25,
      "description": "tobedetermined "
    }]
  }]
}