{
  "annotations": [{
    "risk_score": 200,
    "method": "sendMessage",
    "file_name": "PrivateDateLeakage.java",
    "class_name": "de.ecspride.PrivateDateLeakage",
    "short_description": "tobedetermined filesystem sms ",
    "long_description": "",
    "start_line": 33,
    "start_col": 0,
    "sub_annotations": [{
      "start_line": 41,
      "end_line": 0,
      "start_col": 0,
      "method": "i",
      "class_name": "android.util.Log",
      "risk_score": 90,
      "description": "filesystem "
    }, {
      "start_line": 42,
      "end_line": 0,
      "start_col": 0,
      "method": "sendTextMessage",
      "class_name": "android.telephony.SmsManager",
      "risk_score": 85,
      "description": "sms "
    }, {
      "start_line": 0,
      "end_line": 0,
      "start_col": 0,
      "method": "0",
      "class_name": "",
      "risk_score": 25,
      "description": "tobedetermined "
    }, {
      "start_line": 35,
      "end_line": 0,
      "start_col": 0,
      "method": "\"\"",
      "class_name": "",
      "risk_score": 25,
      "description": "tobedetermined "
    }, {
      "start_line": 36,
      "end_line": 0,
      "start_col": 0,
      "method": "0",
      "class_name": "",
      "risk_score": 25,
      "description": "tobedetermined "
    }, {
      "start_line": 39,
      "end_line": 0,
      "start_col": 0,
      "method": "\"User: \"",
      "class_name": "",
      "risk_score": 25,
      "description": "tobedetermined "
    }, {
      "start_line": 39,
      "end_line": 0,
      "start_col": 0,
      "method": "\" | Pwd: \"",
      "class_name": "",
      "risk_score": 25,
      "description": "tobedetermined "
    }, {
      "start_line": 41,
      "end_line": 0,
      "start_col": 0,
      "method": "\"TEST\"",
      "class_name": "",
      "risk_score": 25,
      "description": "tobedetermined "
    }, {
      "start_line": 41,
      "end_line": 0,
      "start_col": 0,
      "method": "\"sendSMS\"",
      "class_name": "",
      "risk_score": 25,
      "description": "tobedetermined "
    }, {
      "start_line": 42,
      "end_line": 0,
      "start_col": 0,
      "method": "\"+49 1234\"",
      "class_name": "",
      "risk_score": 25,
      "description": "tobedetermined "
    }, {
      "start_line": 37,
      "end_line": 0,
      "start_col": 0,
      "method": "\"_\"",
      "class_name": "",
      "risk_score": 25,
      "description": "tobedetermined "
    }]
  }, {
    "risk_score": 115,
    "method": "getPassword",
    "file_name": "PrivateDateLeakage.java",
    "class_name": "de.ecspride.PrivateDateLeakage",
    "short_description": "tobedetermined filesystem ",
    "long_description": "",
    "start_line": 47,
    "start_col": 0,
    "sub_annotations": [{
      "start_line": 50,
      "end_line": 0,
      "start_col": 0,
      "method": "e",
      "class_name": "android.util.Log",
      "risk_score": 90,
      "description": "filesystem "
    }, {
      "start_line": 50,
      "end_line": 0,
      "start_col": 0,
      "method": "\"ERROR\"",
      "class_name": "",
      "risk_score": 25,
      "description": "tobedetermined "
    }, {
      "start_line": 50,
      "end_line": 0,
      "start_col": 0,
      "method": "\"no password set\"",
      "class_name": "",
      "risk_score": 25,
      "description": "tobedetermined "
    }, {
      "start_line": 51,
      "end_line": 0,
      "start_col": 0,
      "method": "0",
      "class_name": "",
      "risk_score": 25,
      "description": "tobedetermined "
    }]
  }, {
    "risk_score": 25,
    "method": "onRestart",
    "file_name": "PrivateDateLeakage.java",
    "class_name": "de.ecspride.PrivateDateLeakage",
    "short_description": "tobedetermined ",
    "long_description": "",
    "start_line": 22,
    "start_col": 0,
    "sub_annotations": [{
      "start_line": 23,
      "end_line": 0,
      "start_col": 0,
      "method": "32519",
      "class_name": "",
      "risk_score": 25,
      "description": "tobedetermined "
    }, {
      "start_line": 24,
      "end_line": 0,
      "start_col": 0,
      "method": "2131165185",
      "class_name": "",
      "risk_score": 25,
      "description": "tobedetermined "
    }]
  }, {
    "risk_score": 25,
    "method": "onCreate",
    "file_name": "PrivateDateLeakage.java",
    "class_name": "de.ecspride.PrivateDateLeakage",
    "short_description": "tobedetermined ",
    "long_description": "",
    "start_line": 16,
    "start_col": 0,
    "sub_annotations": [{
      "start_line": 17,
      "end_line": 0,
      "start_col": 0,
      "method": "32515",
      "class_name": "",
      "risk_score": 25,
      "description": "tobedetermined "
    }]
  }, {
    "risk_score": 25,
    "method": "<init>",
    "file_name": "PrivateDateLeakage.java",
    "class_name": "de.ecspride.PrivateDateLeakage",
    "short_description": "tobedetermined ",
    "long_description": "",
    "start_line": 11,
    "start_col": 0,
    "sub_annotations": [{
      "start_line": 12,
      "end_line": 0,
      "start_col": 0,
      "method": "0",
      "class_name": "",
      "risk_score": 25,
      "description": "tobedetermined "
    }]
  }]
}