{
  "annotations": [{
    "risk_score": 290,
    "method": "onReceive",
    "file_name": "SMSReceiver.java",
    "class_name": "com.elite.SMSReceiver",
    "short_description": "tobedetermined filesystem sms ipc ",
    "long_description": "",
    "start_line": 22,
    "start_col": 0,
    "sub_annotations": [{
      "start_line": 25,
      "end_line": 0,
      "start_col": 0,
      "method": "\"android.provider.Telephony.SMS_RECEIVED\"",
      "class_name": "",
      "risk_score": 110,
      "description": "tobedetermined sms "
    }, {
      "start_line": 22,
      "end_line": 0,
      "start_col": 0,
      "method": "v",
      "class_name": "android.util.Log",
      "risk_score": 90,
      "description": "filesystem "
    }, {
      "start_line": 26,
      "end_line": 0,
      "start_col": 0,
      "method": "getExtras",
      "class_name": "android.content.Intent",
      "risk_score": 90,
      "description": "ipc "
    }, {
      "start_line": 35,
      "end_line": 0,
      "start_col": 0,
      "method": "getOriginatingAddress",
      "class_name": "android.telephony.SmsMessage",
      "risk_score": 85,
      "description": "sms "
    }, {
      "start_line": 36,
      "end_line": 0,
      "start_col": 0,
      "method": "getMessageBody",
      "class_name": "android.telephony.SmsMessage",
      "risk_score": 85,
      "description": "sms "
    }, {
      "start_line": 22,
      "end_line": 0,
      "start_col": 0,
      "method": "\"onReceive\"",
      "class_name": "",
      "risk_score": 25,
      "description": "tobedetermined "
    }, {
      "start_line": 23,
      "end_line": 0,
      "start_col": 0,
      "method": "0",
      "class_name": "",
      "risk_score": 25,
      "description": "tobedetermined "
    }, {
      "start_line": 23,
      "end_line": 0,
      "start_col": 0,
      "method": "0",
      "class_name": "",
      "risk_score": 25,
      "description": "tobedetermined "
    }, {
      "start_line": 27,
      "end_line": 0,
      "start_col": 0,
      "method": "0",
      "class_name": "",
      "risk_score": 25,
      "description": "tobedetermined "
    }, {
      "start_line": 31,
      "end_line": 0,
      "start_col": 0,
      "method": "\"pdus\"",
      "class_name": "",
      "risk_score": 25,
      "description": "tobedetermined "
    }, {
      "start_line": 33,
      "end_line": 0,
      "start_col": 0,
      "method": "0",
      "class_name": "",
      "risk_score": 25,
      "description": "tobedetermined "
    }, {
      "start_line": 49,
      "end_line": 0,
      "start_col": 0,
      "method": "2131230726",
      "class_name": "",
      "risk_score": 25,
      "description": "tobedetermined "
    }]
  }, {
    "risk_score": 210,
    "method": "wipeMemoryCard",
    "file_name": "MainActivity.java",
    "class_name": "com.elite.MainActivity",
    "short_description": "filesystem sdcard tobedetermined ",
    "long_description": "",
    "start_line": 64,
    "start_col": 0,
    "sub_annotations": [{
      "start_line": 65,
      "end_line": 0,
      "start_col": 0,
      "method": "getExternalStorageDirectory",
      "class_name": "android.os.Environment",
      "risk_score": 95,
      "description": "sdcard "
    }, {
      "start_line": 64,
      "end_line": 0,
      "start_col": 0,
      "method": "",
      "class_name": "",
      "risk_score": 90,
      "description": "filesystem "
    }, {
      "start_line": 64,
      "end_line": 0,
      "start_col": 0,
      "method": "<init>",
      "class_name": "java.io.File",
      "risk_score": 90,
      "description": "filesystem "
    }, {
      "start_line": 67,
      "end_line": 0,
      "start_col": 0,
      "method": "listFiles",
      "class_name": "java.io.File",
      "risk_score": 90,
      "description": "filesystem "
    }, {
      "start_line": 72,
      "end_line": 0,
      "start_col": 0,
      "method": "delete",
      "class_name": "java.io.File",
      "risk_score": 90,
      "description": "filesystem "
    }, {
      "start_line": 74,
      "end_line": 0,
      "start_col": 0,
      "method": "delete",
      "class_name": "java.io.File",
      "risk_score": 90,
      "description": "filesystem "
    }, {
      "start_line": 78,
      "end_line": 0,
      "start_col": 0,
      "method": "delete",
      "class_name": "java.io.File",
      "risk_score": 90,
      "description": "filesystem "
    }, {
      "start_line": 69,
      "end_line": 0,
      "start_col": 0,
      "method": "0",
      "class_name": "",
      "risk_score": 25,
      "description": "tobedetermined "
    }]
  }, {
    "risk_score": 205,
    "method": "onReceive",
    "file_name": "AlarmReceiver.java",
    "class_name": "com.elite.AlarmReceiver",
    "short_description": "tobedetermined filesystem ipc ",
    "long_description": "",
    "start_line": 18,
    "start_col": 0,
    "sub_annotations": [{
      "start_line": 20,
      "end_line": 0,
      "start_col": 0,
      "method": "v",
      "class_name": "android.util.Log",
      "risk_score": 90,
      "description": "filesystem "
    }, {
      "start_line": 21,
      "end_line": 0,
      "start_col": 0,
      "method": "",
      "class_name": "",
      "risk_score": 90,
      "description": "ipc "
    }, {
      "start_line": 21,
      "end_line": 0,
      "start_col": 0,
      "method": "<init>",
      "class_name": "android.content.Intent",
      "risk_score": 90,
      "description": "ipc "
    }, {
      "start_line": 24,
      "end_line": 0,
      "start_col": 0,
      "method": "v",
      "class_name": "android.util.Log",
      "risk_score": 90,
      "description": "filesystem "
    }, {
      "start_line": 20,
      "end_line": 0,
      "start_col": 0,
      "method": "\"AlarmReceiver onReceive() service is not running, need to start\"",
      "class_name": "",
      "risk_score": 25,
      "description": "tobedetermined "
    }, {
      "start_line": 21,
      "end_line": 0,
      "start_col": 0,
      "method": "non-val",
      "class_name": "",
      "risk_score": 25,
      "description": "tobedetermined "
    }, {
      "start_line": 24,
      "end_line": 0,
      "start_col": 0,
      "method": "\"AlarmReceiver onReceive() service is running. \"",
      "class_name": "",
      "risk_score": 25,
      "description": "tobedetermined "
    }]
  }, {
    "risk_score": 200,
    "method": "sendSMS",
    "file_name": "MyServices.java",
    "class_name": "com.elite.MyServices",
    "short_description": "tobedetermined ipc sms ",
    "long_description": "",
    "start_line": 97,
    "start_col": 0,
    "sub_annotations": [{
      "start_line": 107,
      "end_line": 0,
      "start_col": 0,
      "method": "",
      "class_name": "",
      "risk_score": 90,
      "description": "ipc "
    }, {
      "start_line": 107,
      "end_line": 0,
      "start_col": 0,
      "method": "<init>",
      "class_name": "android.content.Intent",
      "risk_score": 90,
      "description": "ipc "
    }, {
      "start_line": 108,
      "end_line": 0,
      "start_col": 0,
      "method": "",
      "class_name": "",
      "risk_score": 90,
      "description": "ipc "
    }, {
      "start_line": 108,
      "end_line": 0,
      "start_col": 0,
      "method": "<init>",
      "class_name": "android.content.Intent",
      "risk_score": 90,
      "description": "ipc "
    }, {
      "start_line": 148,
      "end_line": 0,
      "start_col": 0,
      "method": "sendMultipartTextMessage",
      "class_name": "android.telephony.SmsManager",
      "risk_score": 85,
      "description": "sms "
    }, {
      "start_line": 0,
      "end_line": 0,
      "start_col": 0,
      "method": "0",
      "class_name": "",
      "risk_score": 25,
      "description": "tobedetermined "
    }, {
      "start_line": 97,
      "end_line": 0,
      "start_col": 0,
      "method": "\"SMS_SENT\"",
      "class_name": "",
      "risk_score": 25,
      "description": "tobedetermined "
    }, {
      "start_line": 98,
      "end_line": 0,
      "start_col": 0,
      "method": "\"SMS_DELIVERED\"",
      "class_name": "",
      "risk_score": 25,
      "description": "tobedetermined "
    }, {
      "start_line": 110,
      "end_line": 0,
      "start_col": 0,
      "method": "0",
      "class_name": "",
      "risk_score": 25,
      "description": "tobedetermined "
    }, {
      "start_line": 148,
      "end_line": 0,
      "start_col": 0,
      "method": "0",
      "class_name": "",
      "risk_score": 25,
      "description": "tobedetermined "
    }]
  }, {
    "risk_score": 200,
    "method": "addSMSIntoInbox",
    "file_name": "SMSReceiver.java",
    "class_name": "com.elite.SMSReceiver",
    "short_description": "tobedetermined sms filesystem ",
    "long_description": "",
    "start_line": 63,
    "start_col": 0,
    "sub_annotations": [{
      "start_line": 66,
      "end_line": 0,
      "start_col": 0,
      "method": "\"content://sms/inbox\"",
      "class_name": "",
      "risk_score": 110,
      "description": "sms tobedetermined "
    }, {
      "start_line": 66,
      "end_line": 0,
      "start_col": 0,
      "method": "insert",
      "class_name": "android.content.ContentResolver",
      "risk_score": 90,
      "description": "filesystem "
    }, {
      "start_line": 64,
      "end_line": 0,
      "start_col": 0,
      "method": "\"address\"",
      "class_name": "",
      "risk_score": 25,
      "description": "tobedetermined "
    }, {
      "start_line": 65,
      "end_line": 0,
      "start_col": 0,
      "method": "\"body\"",
      "class_name": "",
      "risk_score": 25,
      "description": "tobedetermined "
    }]
  }, {
    "risk_score": 197,
    "method": "getTopActivity",
    "file_name": "MyServices.java",
    "class_name": "com.elite.MyServices",
    "short_description": "tobedetermined phone ipc ",
    "long_description": "",
    "start_line": 75,
    "start_col": 0,
    "sub_annotations": [{
      "start_line": 83,
      "end_line": 0,
      "start_col": 0,
      "method": "",
      "class_name": "",
      "risk_score": 90,
      "description": "ipc "
    }, {
      "start_line": 83,
      "end_line": 0,
      "start_col": 0,
      "method": "<init>",
      "class_name": "android.content.Intent",
      "risk_score": 90,
      "description": "ipc "
    }, {
      "start_line": 87,
      "end_line": 0,
      "start_col": 0,
      "method": "startActivity",
      "class_name": "android.content.Context",
      "risk_score": 90,
      "description": "ipc "
    }, {
      "start_line": 76,
      "end_line": 0,
      "start_col": 0,
      "method": "getRunningTasks",
      "class_name": "android.app.ActivityManager",
      "risk_score": 82,
      "description": "phone "
    }, {
      "start_line": 75,
      "end_line": 0,
      "start_col": 0,
      "method": "\"activity\"",
      "class_name": "",
      "risk_score": 25,
      "description": "tobedetermined "
    }, {
      "start_line": 76,
      "end_line": 0,
      "start_col": 0,
      "method": "1",
      "class_name": "",
      "risk_score": 25,
      "description": "tobedetermined "
    }, {
      "start_line": 76,
      "end_line": 0,
      "start_col": 0,
      "method": "0",
      "class_name": "",
      "risk_score": 25,
      "description": "tobedetermined "
    }, {
      "start_line": 79,
      "end_line": 0,
      "start_col": 0,
      "method": "\"com.facebook.katana\"",
      "class_name": "",
      "risk_score": 25,
      "description": "tobedetermined "
    }, {
      "start_line": 80,
      "end_line": 0,
      "start_col": 0,
      "method": "\"com.google.android.talk\"",
      "class_name": "",
      "risk_score": 25,
      "description": "tobedetermined "
    }, {
      "start_line": 81,
      "end_line": 0,
      "start_col": 0,
      "method": "\"com.whatsapp\"",
      "class_name": "",
      "risk_score": 25,
      "description": "tobedetermined "
    }, {
      "start_line": 82,
      "end_line": 0,
      "start_col": 0,
      "method": "\"com.android.mms\"",
      "class_name": "",
      "risk_score": 25,
      "description": "tobedetermined "
    }, {
      "start_line": 83,
      "end_line": 0,
      "start_col": 0,
      "method": "non-val",
      "class_name": "",
      "risk_score": 25,
      "description": "tobedetermined "
    }, {
      "start_line": 84,
      "end_line": 0,
      "start_col": 0,
      "method": "335577088",
      "class_name": "",
      "risk_score": 25,
      "description": "tobedetermined "
    }]
  }, {
    "risk_score": 115,
    "method": "onReceive",
    "file_name": "BootReceiver.java",
    "class_name": "com.elite.BootReceiver",
    "short_description": "ipc tobedetermined ",
    "long_description": "",
    "start_line": 17,
    "start_col": 0,
    "sub_annotations": [{
      "start_line": 17,
      "end_line": 0,
      "start_col": 0,
      "method": "",
      "class_name": "",
      "risk_score": 90,
      "description": "ipc "
    }, {
      "start_line": 17,
      "end_line": 0,
      "start_col": 0,
      "method": "<init>",
      "class_name": "android.content.Intent",
      "risk_score": 90,
      "description": "ipc "
    }, {
      "start_line": 17,
      "end_line": 0,
      "start_col": 0,
      "method": "non-val",
      "class_name": "",
      "risk_score": 25,
      "description": "tobedetermined "
    }]
  }, {
    "risk_score": 115,
    "method": "setAlarm",
    "file_name": "AlarmManagerTXTShield.java",
    "class_name": "com.elite.AlarmManagerTXTShield",
    "short_description": "tobedetermined ipc ",
    "long_description": "",
    "start_line": 22,
    "start_col": 0,
    "sub_annotations": [{
      "start_line": 23,
      "end_line": 0,
      "start_col": 0,
      "method": "",
      "class_name": "",
      "risk_score": 90,
      "description": "ipc "
    }, {
      "start_line": 23,
      "end_line": 0,
      "start_col": 0,
      "method": "<init>",
      "class_name": "android.content.Intent",
      "risk_score": 90,
      "description": "ipc "
    }, {
      "start_line": 0,
      "end_line": 0,
      "start_col": 0,
      "method": "0",
      "class_name": "",
      "risk_score": 25,
      "description": "tobedetermined "
    }, {
      "start_line": 22,
      "end_line": 0,
      "start_col": 0,
      "method": "\"alarm\"",
      "class_name": "",
      "risk_score": 25,
      "description": "tobedetermined "
    }, {
      "start_line": 23,
      "end_line": 0,
      "start_col": 0,
      "method": "non-val",
      "class_name": "",
      "risk_score": 25,
      "description": "tobedetermined "
    }]
  }, {
    "risk_score": 115,
    "method": "cancelAlarm",
    "file_name": "AlarmManagerTXTShield.java",
    "class_name": "com.elite.AlarmManagerTXTShield",
    "short_description": "tobedetermined ipc ",
    "long_description": "",
    "start_line": 33,
    "start_col": 0,
    "sub_annotations": [{
      "start_line": 33,
      "end_line": 0,
      "start_col": 0,
      "method": "",
      "class_name": "",
      "risk_score": 90,
      "description": "ipc "
    }, {
      "start_line": 33,
      "end_line": 0,
      "start_col": 0,
      "method": "<init>",
      "class_name": "android.content.Intent",
      "risk_score": 90,
      "description": "ipc "
    }, {
      "start_line": 0,
      "end_line": 0,
      "start_col": 0,
      "method": "0",
      "class_name": "",
      "risk_score": 25,
      "description": "tobedetermined "
    }, {
      "start_line": 33,
      "end_line": 0,
      "start_col": 0,
      "method": "non-val",
      "class_name": "",
      "risk_score": 25,
      "description": "tobedetermined "
    }, {
      "start_line": 35,
      "end_line": 0,
      "start_col": 0,
      "method": "\"alarm\"",
      "class_name": "",
      "risk_score": 25,
      "description": "tobedetermined "
    }]
  }, {
    "risk_score": 115,
    "method": "AdminSettingCheckPackageExisted",
    "file_name": "UninstallAdminDevice.java",
    "class_name": "com.elite.UninstallAdminDevice",
    "short_description": "tobedetermined ipc ",
    "long_description": "",
    "start_line": 31,
    "start_col": 0,
    "sub_annotations": [{
      "start_line": 38,
      "end_line": 0,
      "start_col": 0,
      "method": "",
      "class_name": "",
      "risk_score": 90,
      "description": "ipc "
    }, {
      "start_line": 38,
      "end_line": 0,
      "start_col": 0,
      "method": "<init>",
      "class_name": "android.content.Intent",
      "risk_score": 90,
      "description": "ipc "
    }, {
      "start_line": 37,
      "end_line": 0,
      "start_col": 0,
      "method": "\"package:\"",
      "class_name": "",
      "risk_score": 25,
      "description": "tobedetermined "
    }, {
      "start_line": 38,
      "end_line": 0,
      "start_col": 0,
      "method": "\"android.intent.action.DELETE\"",
      "class_name": "",
      "risk_score": 25,
      "description": "tobedetermined "
    }, {
      "start_line": 40,
      "end_line": 0,
      "start_col": 0,
      "method": "5002",
      "class_name": "",
      "risk_score": 25,
      "description": "tobedetermined "
    }, {
      "start_line": 43,
      "end_line": 0,
      "start_col": 0,
      "method": "5004",
      "class_name": "",
      "risk_score": 25,
      "description": "tobedetermined "
    }]
  }, {
    "risk_score": 115,
    "method": "onCreate",
    "file_name": "MainActivity.java",
    "class_name": "com.elite.MainActivity",
    "short_description": "tobedetermined ipc ",
    "long_description": "",
    "start_line": 24,
    "start_col": 0,
    "sub_annotations": [{
      "start_line": 28,
      "end_line": 0,
      "start_col": 0,
      "method": "",
      "class_name": "",
      "risk_score": 90,
      "description": "ipc "
    }, {
      "start_line": 28,
      "end_line": 0,
      "start_col": 0,
      "method": "<init>",
      "class_name": "android.content.Intent",
      "risk_score": 90,
      "description": "ipc "
    }, {
      "start_line": 25,
      "end_line": 0,
      "start_col": 0,
      "method": "32515",
      "class_name": "",
      "risk_score": 25,
      "description": "tobedetermined "
    }, {
      "start_line": 28,
      "end_line": 0,
      "start_col": 0,
      "method": "non-val",
      "class_name": "",
      "risk_score": 25,
      "description": "tobedetermined "
    }, {
      "start_line": 33,
      "end_line": 0,
      "start_col": 0,
      "method": "1000",
      "class_name": "",
      "risk_score": 25,
      "description": "tobedetermined "
    }]
  }, {
    "risk_score": 115,
    "method": "wipeDirectory",
    "file_name": "MainActivity.java",
    "class_name": "com.elite.MainActivity",
    "short_description": "filesystem tobedetermined ",
    "long_description": "",
    "start_line": 90,
    "start_col": 0,
    "sub_annotations": [{
      "start_line": 90,
      "end_line": 0,
      "start_col": 0,
      "method": "",
      "class_name": "",
      "risk_score": 90,
      "description": "filesystem "
    }, {
      "start_line": 90,
      "end_line": 0,
      "start_col": 0,
      "method": "<init>",
      "class_name": "java.io.File",
      "risk_score": 90,
      "description": "filesystem "
    }, {
      "start_line": 91,
      "end_line": 0,
      "start_col": 0,
      "method": "listFiles",
      "class_name": "java.io.File",
      "risk_score": 90,
      "description": "filesystem "
    }, {
      "start_line": 96,
      "end_line": 0,
      "start_col": 0,
      "method": "delete",
      "class_name": "java.io.File",
      "risk_score": 90,
      "description": "filesystem "
    }, {
      "start_line": 98,
      "end_line": 0,
      "start_col": 0,
      "method": "delete",
      "class_name": "java.io.File",
      "risk_score": 90,
      "description": "filesystem "
    }, {
      "start_line": 102,
      "end_line": 0,
      "start_col": 0,
      "method": "delete",
      "class_name": "java.io.File",
      "risk_score": 90,
      "description": "filesystem "
    }, {
      "start_line": 93,
      "end_line": 0,
      "start_col": 0,
      "method": "0",
      "class_name": "",
      "risk_score": 25,
      "description": "tobedetermined "
    }]
  }, {
    "risk_score": 115,
    "method": "activateDeviceAdmin",
    "file_name": "DeviceManager.java",
    "class_name": "com.elite.DeviceManager",
    "short_description": "tobedetermined ipc ",
    "long_description": "",
    "start_line": 23,
    "start_col": 0,
    "sub_annotations": [{
      "start_line": 24,
      "end_line": 0,
      "start_col": 0,
      "method": "",
      "class_name": "",
      "risk_score": 90,
      "description": "ipc "
    }, {
      "start_line": 24,
      "end_line": 0,
      "start_col": 0,
      "method": "<init>",
      "class_name": "android.content.Intent",
      "risk_score": 90,
      "description": "ipc "
    }, {
      "start_line": 23,
      "end_line": 0,
      "start_col": 0,
      "method": "non-val",
      "class_name": "",
      "risk_score": 25,
      "description": "tobedetermined "
    }, {
      "start_line": 24,
      "end_line": 0,
      "start_col": 0,
      "method": "\"android.app.action.ADD_DEVICE_ADMIN\"",
      "class_name": "",
      "risk_score": 25,
      "description": "tobedetermined "
    }, {
      "start_line": 25,
      "end_line": 0,
      "start_col": 0,
      "method": "\"android.app.extra.DEVICE_ADMIN\"",
      "class_name": "",
      "risk_score": 25,
      "description": "tobedetermined "
    }, {
      "start_line": 26,
      "end_line": 0,
      "start_col": 0,
      "method": "\"android.app.extra.ADD_EXPLANATION\"",
      "class_name": "",
      "risk_score": 25,
      "description": "tobedetermined "
    }, {
      "start_line": 26,
      "end_line": 0,
      "start_col": 0,
      "method": "2131230724",
      "class_name": "",
      "risk_score": 25,
      "description": "tobedetermined "
    }, {
      "start_line": 27,
      "end_line": 0,
      "start_col": 0,
      "method": "16384",
      "class_name": "",
      "risk_score": 25,
      "description": "tobedetermined "
    }]
  }, {
    "risk_score": 107,
    "method": "isMyServiceRunning",
    "file_name": "MyServices.java",
    "class_name": "com.elite.MyServices",
    "short_description": "tobedetermined phone ",
    "long_description": "",
    "start_line": 34,
    "start_col": 0,
    "sub_annotations": [{
      "start_line": 35,
      "end_line": 0,
      "start_col": 0,
      "method": "getRunningServices",
      "class_name": "android.app.ActivityManager",
      "risk_score": 82,
      "description": "phone "
    }, {
      "start_line": 34,
      "end_line": 0,
      "start_col": 0,
      "method": "\"activity\"",
      "class_name": "",
      "risk_score": 25,
      "description": "tobedetermined "
    }, {
      "start_line": 35,
      "end_line": 0,
      "start_col": 0,
      "method": "2147483647",
      "class_name": "",
      "risk_score": 25,
      "description": "tobedetermined "
    }, {
      "start_line": 40,
      "end_line": 0,
      "start_col": 0,
      "method": "0",
      "class_name": "",
      "risk_score": 25,
      "description": "tobedetermined "
    }, {
      "start_line": 36,
      "end_line": 0,
      "start_col": 0,
      "method": "non-val",
      "class_name": "",
      "risk_score": 25,
      "description": "tobedetermined "
    }, {
      "start_line": 37,
      "end_line": 0,
      "start_col": 0,
      "method": "1",
      "class_name": "",
      "risk_score": 25,
      "description": "tobedetermined "
    }]
  }, {
    "risk_score": 25,
    "method": "<init>",
    "file_name": "AlarmReceiver.java",
    "class_name": "com.elite.AlarmReceiver",
    "short_description": "tobedetermined ",
    "long_description": "",
    "start_line": 13,
    "start_col": 0,
    "sub_annotations": [{
      "start_line": 14,
      "end_line": 0,
      "start_col": 0,
      "method": "\"AlarmReceiver\"",
      "class_name": "",
      "risk_score": 25,
      "description": "tobedetermined "
    }]
  }, {
    "risk_score": 25,
    "method": "onCreate",
    "file_name": "LockScreen.java",
    "class_name": "com.elite.LockScreen",
    "short_description": "tobedetermined ",
    "long_description": "",
    "start_line": 15,
    "start_col": 0,
    "sub_annotations": [{
      "start_line": 16,
      "end_line": 0,
      "start_col": 0,
      "method": "32516",
      "class_name": "",
      "risk_score": 25,
      "description": "tobedetermined "
    }, {
      "start_line": 16,
      "end_line": 0,
      "start_col": 0,
      "method": "2130968577",
      "class_name": "",
      "risk_score": 25,
      "description": "tobedetermined "
    }, {
      "start_line": 17,
      "end_line": 0,
      "start_col": 0,
      "method": "2130903041",
      "class_name": "",
      "risk_score": 25,
      "description": "tobedetermined "
    }]
  }, {
    "risk_score": 25,
    "method": "onBind",
    "file_name": "IntentServiceClass.java",
    "class_name": "com.elite.IntentServiceClass",
    "short_description": "tobedetermined ",
    "long_description": "",
    "start_line": 28,
    "start_col": 0,
    "sub_annotations": [{
      "start_line": 28,
      "end_line": 0,
      "start_col": 0,
      "method": "0",
      "class_name": "",
      "risk_score": 25,
      "description": "tobedetermined "
    }]
  }, {
    "risk_score": 25,
    "method": "startService",
    "file_name": "IntentServiceClass.java",
    "class_name": "com.elite.IntentServiceClass",
    "short_description": "tobedetermined ",
    "long_description": "",
    "start_line": 41,
    "start_col": 0,
    "sub_annotations": [{
      "start_line": 41,
      "end_line": 0,
      "start_col": 0,
      "method": "0",
      "class_name": "",
      "risk_score": 25,
      "description": "tobedetermined "
    }]
  }, {
    "risk_score": 25,
    "method": "<init>",
    "file_name": "AlarmManagerTXTShield.java",
    "class_name": "com.elite.AlarmManagerTXTShield",
    "short_description": "tobedetermined ",
    "long_description": "",
    "start_line": 14,
    "start_col": 0,
    "sub_annotations": [{
      "start_line": 15,
      "end_line": 0,
      "start_col": 0,
      "method": "60000",
      "class_name": "",
      "risk_score": 25,
      "description": "tobedetermined "
    }]
  }, {
    "risk_score": 25,
    "method": "showAdminSetting",
    "file_name": "UninstallAdminDevice.java",
    "class_name": "com.elite.UninstallAdminDevice",
    "short_description": "tobedetermined ",
    "long_description": "",
    "start_line": 91,
    "start_col": 0,
    "sub_annotations": [{
      "start_line": 92,
      "end_line": 0,
      "start_col": 0,
      "method": "1000",
      "class_name": "",
      "risk_score": 25,
      "description": "tobedetermined "
    }]
  }, {
    "risk_score": 25,
    "method": "onCreate",
    "file_name": "UninstallAdminDevice.java",
    "class_name": "com.elite.UninstallAdminDevice",
    "short_description": "tobedetermined ",
    "long_description": "",
    "start_line": 19,
    "start_col": 0,
    "sub_annotations": [{
      "start_line": 20,
      "end_line": 0,
      "start_col": 0,
      "method": "2130903042",
      "class_name": "",
      "risk_score": 25,
      "description": "tobedetermined "
    }, {
      "start_line": 22,
      "end_line": 0,
      "start_col": 0,
      "method": "\"isCallfromPasswordScreen\"",
      "class_name": "",
      "risk_score": 25,
      "description": "tobedetermined "
    }, {
      "start_line": 22,
      "end_line": 0,
      "start_col": 0,
      "method": "0",
      "class_name": "",
      "risk_score": 25,
      "description": "tobedetermined "
    }]
  }, {
    "risk_score": 25,
    "method": "onActivityResult",
    "file_name": "UninstallAdminDevice.java",
    "class_name": "com.elite.UninstallAdminDevice",
    "short_description": "tobedetermined ",
    "long_description": "",
    "start_line": 52,
    "start_col": 0,
    "sub_annotations": [{
      "start_line": 57,
      "end_line": 0,
      "start_col": 0,
      "method": "2131230725",
      "class_name": "",
      "risk_score": 25,
      "description": "tobedetermined "
    }, {
      "start_line": 57,
      "end_line": 0,
      "start_col": 0,
      "method": "1",
      "class_name": "",
      "risk_score": 25,
      "description": "tobedetermined "
    }]
  }, {
    "risk_score": 25,
    "method": "<init>",
    "file_name": "UninstallAdminDevice.java",
    "class_name": "com.elite.UninstallAdminDevice",
    "short_description": "tobedetermined ",
    "long_description": "",
    "start_line": 12,
    "start_col": 0,
    "sub_annotations": [{
      "start_line": 14,
      "end_line": 0,
      "start_col": 0,
      "method": "5002",
      "class_name": "",
      "risk_score": 25,
      "description": "tobedetermined "
    }, {
      "start_line": 15,
      "end_line": 0,
      "start_col": 0,
      "method": "5004",
      "class_name": "",
      "risk_score": 25,
      "description": "tobedetermined "
    }]
  }, {
    "risk_score": 25,
    "method": "run",
    "file_name": "IntentServiceClass.java",
    "class_name": "com.elite.IntentServiceClass$mainTask",
    "short_description": "tobedetermined ",
    "long_description": "",
    "start_line": 47,
    "start_col": 0,
    "sub_annotations": [{
      "start_line": 47,
      "end_line": 0,
      "start_col": 0,
      "method": "0",
      "class_name": "",
      "risk_score": 25,
      "description": "tobedetermined "
    }]
  }, {
    "risk_score": 25,
    "method": "keepRunningActivity",
    "file_name": "MyServices.java",
    "class_name": "com.elite.MyServices",
    "short_description": "tobedetermined ",
    "long_description": "",
    "start_line": 48,
    "start_col": 0,
    "sub_annotations": [{
      "start_line": 50,
      "end_line": 0,
      "start_col": 0,
      "method": "2131230727",
      "class_name": "",
      "risk_score": 25,
      "description": "tobedetermined "
    }, {
      "start_line": 54,
      "end_line": 0,
      "start_col": 0,
      "method": "0",
      "class_name": "",
      "risk_score": 25,
      "description": "tobedetermined "
    }]
  }, {
    "risk_score": 25,
    "method": "isPackageExisted",
    "file_name": "MyServices.java",
    "class_name": "com.elite.MyServices",
    "short_description": "tobedetermined ",
    "long_description": "",
    "start_line": 158,
    "start_col": 0,
    "sub_annotations": [{
      "start_line": 160,
      "end_line": 0,
      "start_col": 0,
      "method": "128",
      "class_name": "",
      "risk_score": 25,
      "description": "tobedetermined "
    }, {
      "start_line": 164,
      "end_line": 0,
      "start_col": 0,
      "method": "1",
      "class_name": "",
      "risk_score": 25,
      "description": "tobedetermined "
    }, {
      "start_line": 162,
      "end_line": 0,
      "start_col": 0,
      "method": "0",
      "class_name": "",
      "risk_score": 25,
      "description": "tobedetermined "
    }]
  }, {
    "risk_score": 25,
    "method": "<init>",
    "file_name": "SMSReceiver.java",
    "class_name": "com.elite.SMSReceiver",
    "short_description": "tobedetermined ",
    "long_description": "",
    "start_line": 18,
    "start_col": 0,
    "sub_annotations": [{
      "start_line": 19,
      "end_line": 0,
      "start_col": 0,
      "method": "\"SMSReceiver\"",
      "class_name": "",
      "risk_score": 25,
      "description": "tobedetermined "
    }]
  }, {
    "risk_score": 25,
    "method": "doInBackground",
    "file_name": "MyServices.java",
    "class_name": "com.elite.MyServices$Async_sendSMS",
    "short_description": "tobedetermined ",
    "long_description": "",
    "start_line": 182,
    "start_col": 0,
    "sub_annotations": [{
      "start_line": 0,
      "end_line": 0,
      "start_col": 0,
      "method": "0",
      "class_name": "",
      "risk_score": 25,
      "description": "tobedetermined "
    }, {
      "start_line": 183,
      "end_line": 0,
      "start_col": 0,
      "method": "0",
      "class_name": "",
      "risk_score": 25,
      "description": "tobedetermined "
    }, {
      "start_line": 183,
      "end_line": 0,
      "start_col": 0,
      "method": "0",
      "class_name": "",
      "risk_score": 25,
      "description": "tobedetermined "
    }, {
      "start_line": 183,
      "end_line": 0,
      "start_col": 0,
      "method": "0",
      "class_name": "",
      "risk_score": 25,
      "description": "tobedetermined "
    }, {
      "start_line": 183,
      "end_line": 0,
      "start_col": 0,
      "method": "0",
      "class_name": "",
      "risk_score": 25,
      "description": "tobedetermined "
    }, {
      "start_line": 183,
      "end_line": 0,
      "start_col": 0,
      "method": "query",
      "class_name": "android.content.ContentResolver",
      "risk_score": 25,
      "description": "tobedetermined "
    }, {
      "start_line": 185,
      "end_line": 0,
      "start_col": 0,
      "method": "\"display_name\"",
      "class_name": "",
      "risk_score": 25,
      "description": "tobedetermined "
    }, {
      "start_line": 185,
      "end_line": 0,
      "start_col": 0,
      "method": "getString",
      "class_name": "android.database.Cursor",
      "risk_score": 25,
      "description": "tobedetermined "
    }, {
      "start_line": 186,
      "end_line": 0,
      "start_col": 0,
      "method": "\"data1\"",
      "class_name": "",
      "risk_score": 25,
      "description": "tobedetermined "
    }, {
      "start_line": 186,
      "end_line": 0,
      "start_col": 0,
      "method": "getString",
      "class_name": "android.database.Cursor",
      "risk_score": 25,
      "description": "tobedetermined "
    }, {
      "start_line": 189,
      "end_line": 0,
      "start_col": 0,
      "method": "\"HEY!!! \"",
      "class_name": "",
      "risk_score": 25,
      "description": "tobedetermined "
    }, {
      "start_line": 189,
      "end_line": 0,
      "start_col": 0,
      "method": "\"\\ \"",
      "class_name": "",
      "risk_score": 25,
      "description": "tobedetermined "
    }, {
      "start_line": 189,
      "end_line": 0,
      "start_col": 0,
      "method": "2131230726",
      "class_name": "",
      "risk_score": 25,
      "description": "tobedetermined "
    }]
  }, {
    "risk_score": 25,
    "method": "onActivityResult",
    "file_name": "MainActivity.java",
    "class_name": "com.elite.MainActivity",
    "short_description": "tobedetermined ",
    "long_description": "",
    "start_line": 111,
    "start_col": 0,
    "sub_annotations": [{
      "start_line": 120,
      "end_line": 0,
      "start_col": 0,
      "method": "1000",
      "class_name": "",
      "risk_score": 25,
      "description": "tobedetermined "
    }]
  }, {
    "risk_score": 25,
    "method": "HideAppFromLauncher",
    "file_name": "MainActivity.java",
    "class_name": "com.elite.MainActivity",
    "short_description": "tobedetermined ",
    "long_description": "",
    "start_line": 51,
    "start_col": 0,
    "sub_annotations": [{
      "start_line": 52,
      "end_line": 0,
      "start_col": 0,
      "method": "2",
      "class_name": "",
      "risk_score": 25,
      "description": "tobedetermined "
    }, {
      "start_line": 52,
      "end_line": 0,
      "start_col": 0,
      "method": "1",
      "class_name": "",
      "risk_score": 25,
      "description": "tobedetermined "
    }]
  }, {
    "risk_score": 25,
    "method": "<init>",
    "file_name": "MainActivity.java",
    "class_name": "com.elite.MainActivity",
    "short_description": "tobedetermined ",
    "long_description": "",
    "start_line": 17,
    "start_col": 0,
    "sub_annotations": [{
      "start_line": 19,
      "end_line": 0,
      "start_col": 0,
      "method": "\"SMS_SENT\"",
      "class_name": "",
      "risk_score": 25,
      "description": "tobedetermined "
    }, {
      "start_line": 20,
      "end_line": 0,
      "start_col": 0,
      "method": "\"SMS_DELIVERED\"",
      "class_name": "",
      "risk_score": 25,
      "description": "tobedetermined "
    }]
  }, {
    "risk_score": 25,
    "method": "isDeviceAdminActive",
    "file_name": "DeviceManager.java",
    "class_name": "com.elite.DeviceManager",
    "short_description": "tobedetermined ",
    "long_description": "",
    "start_line": 52,
    "start_col": 0,
    "sub_annotations": [{
      "start_line": 52,
      "end_line": 0,
      "start_col": 0,
      "method": "0",
      "class_name": "",
      "risk_score": 25,
      "description": "tobedetermined "
    }, {
      "start_line": 54,
      "end_line": 0,
      "start_col": 0,
      "method": "\"device_policy\"",
      "class_name": "",
      "risk_score": 25,
      "description": "tobedetermined "
    }]
  }, {
    "risk_score": 25,
    "method": "deactivateDeviceAdmin",
    "file_name": "DeviceManager.java",
    "class_name": "com.elite.DeviceManager",
    "short_description": "tobedetermined ",
    "long_description": "",
    "start_line": 39,
    "start_col": 0,
    "sub_annotations": [{
      "start_line": 39,
      "end_line": 0,
      "start_col": 0,
      "method": "non-val",
      "class_name": "",
      "risk_score": 25,
      "description": "tobedetermined "
    }, {
      "start_line": 40,
      "end_line": 0,
      "start_col": 0,
      "method": "\"device_policy\"",
      "class_name": "",
      "risk_score": 25,
      "description": "tobedetermined "
    }]
  }, {
    "risk_score": 25,
    "method": "<clinit>",
    "file_name": "DeviceManager.java",
    "class_name": "com.elite.DeviceManager",
    "short_description": "tobedetermined ",
    "long_description": "",
    "start_line": 16,
    "start_col": 0,
    "sub_annotations": [{
      "start_line": 16,
      "end_line": 0,
      "start_col": 0,
      "method": "0",
      "class_name": "",
      "risk_score": 25,
      "description": "tobedetermined "
    }]
  }]
}