{
  "annotations": [{
    "risk_score": 110,
    "method": "onCreate",
    "file_name": "MainActivity.java",
    "class_name": "de.ecspride.MainActivity",
    "short_description": "tobedetermined sms ",
    "long_description": "",
    "start_line": 13,
    "start_col": 0,
    "sub_annotations": [{
      "start_line": 20,
      "end_line": 0,
      "start_col": 0,
      "method": "sendTextMessage",
      "class_name": "android.telephony.SmsManager",
      "risk_score": 85,
      "description": "sms "
    }, {
      "start_line": 0,
      "end_line": 0,
      "start_col": 0,
      "method": "0",
      "class_name": "",
      "risk_score": 25,
      "description": "tobedetermined "
    }, {
      "start_line": 14,
      "end_line": 0,
      "start_col": 0,
      "method": "32515",
      "class_name": "",
      "risk_score": 25,
      "description": "tobedetermined "
    }, {
      "start_line": 20,
      "end_line": 0,
      "start_col": 0,
      "method": "\"+49\"",
      "class_name": "",
      "risk_score": 25,
      "description": "tobedetermined "
    }]
  }, {
    "risk_score": 105,
    "method": "getIMEI",
    "file_name": "LibClass.java",
    "class_name": "de.ecspride.LibClass",
    "short_description": "tobedetermined deviceid ",
    "long_description": "",
    "start_line": 9,
    "start_col": 0,
    "sub_annotations": [{
      "start_line": 10,
      "end_line": 0,
      "start_col": 0,
      "method": "getDeviceId",
      "class_name": "android.telephony.TelephonyManager",
      "risk_score": 80,
      "description": "deviceid "
    }, {
      "start_line": 9,
      "end_line": 0,
      "start_col": 0,
      "method": "\"phone\"",
      "class_name": "",
      "risk_score": 25,
      "description": "tobedetermined "
    }]
  }, {
    "risk_score": 25,
    "method": "onCreateOptionsMenu",
    "file_name": "MainActivity.java",
    "class_name": "de.ecspride.MainActivity",
    "short_description": "tobedetermined ",
    "long_description": "",
    "start_line": 26,
    "start_col": 0,
    "sub_annotations": [{
      "start_line": 26,
      "end_line": 0,
      "start_col": 0,
      "method": "32519",
      "class_name": "",
      "risk_score": 25,
      "description": "tobedetermined "
    }, {
      "start_line": 27,
      "end_line": 0,
      "start_col": 0,
      "method": "1",
      "class_name": "",
      "risk_score": 25,
      "description": "tobedetermined "
    }]
  }]
}