{
  "annotations": [{
    "risk_score": 195,
    "method": "attachBaseContext",
    "file_name": "MethodOverride1.java",
    "class_name": "de.ecspride.MethodOverride1",
    "short_description": "tobedetermined deviceid filesystem ",
    "long_description": "",
    "start_line": 19,
    "start_col": 0,
    "sub_annotations": [{
      "start_line": 22,
      "end_line": 0,
      "start_col": 0,
      "method": "d",
      "class_name": "android.util.Log",
      "risk_score": 90,
      "description": "filesystem "
    }, {
      "start_line": 21,
      "end_line": 0,
      "start_col": 0,
      "method": "getDeviceId",
      "class_name": "android.telephony.TelephonyManager",
      "risk_score": 80,
      "description": "deviceid "
    }, {
      "start_line": 20,
      "end_line": 0,
      "start_col": 0,
      "method": "\"phone\"",
      "class_name": "",
      "risk_score": 25,
      "description": "tobedetermined "
    }, {
      "start_line": 22,
      "end_line": 0,
      "start_col": 0,
      "method": "\"EX\"",
      "class_name": "",
      "risk_score": 25,
      "description": "tobedetermined "
    }]
  }, {
    "risk_score": 25,
    "method": "onCreate",
    "file_name": "MethodOverride1.java",
    "class_name": "de.ecspride.MethodOverride1",
    "short_description": "tobedetermined ",
    "long_description": "",
    "start_line": 13,
    "start_col": 0,
    "sub_annotations": [{
      "start_line": 14,
      "end_line": 0,
      "start_col": 0,
      "method": "32515",
      "class_name": "",
      "risk_score": 25,
      "description": "tobedetermined "
    }]
  }]
}