{
  "annotations": [{
    "risk_score": 305,
    "method": "checkFlagFile",
    "file_name": "RequestSender.java",
    "class_name": "com.android.locker.RequestSender",
    "short_description": "filesystem sdcard tobedetermined network ",
    "long_description": "",
    "start_line": 141,
    "start_col": 0,
    "sub_annotations": [{
      "start_line": 147,
      "end_line": 0,
      "start_col": 0,
      "method": "write",
      "class_name": "java.io.OutputStream",
      "risk_score": 185,
      "description": "filesystem network "
    }, {
      "start_line": 141,
      "end_line": 0,
      "start_col": 0,
      "method": "getExternalStorageDirectory",
      "class_name": "android.os.Environment",
      "risk_score": 95,
      "description": "sdcard "
    }, {
      "start_line": 141,
      "end_line": 0,
      "start_col": 0,
      "method": "",
      "class_name": "",
      "risk_score": 90,
      "description": "filesystem "
    }, {
      "start_line": 141,
      "end_line": 0,
      "start_col": 0,
      "method": "<init>",
      "class_name": "java.io.File",
      "risk_score": 90,
      "description": "filesystem "
    }, {
      "start_line": 146,
      "end_line": 0,
      "start_col": 0,
      "method": "",
      "class_name": "",
      "risk_score": 90,
      "description": "filesystem "
    }, {
      "start_line": 146,
      "end_line": 0,
      "start_col": 0,
      "method": "<init>",
      "class_name": "java.io.FileOutputStream",
      "risk_score": 90,
      "description": "filesystem "
    }, {
      "start_line": 141,
      "end_line": 0,
      "start_col": 0,
      "method": "\"/\"",
      "class_name": "",
      "risk_score": 25,
      "description": "tobedetermined "
    }, {
      "start_line": 141,
      "end_line": 0,
      "start_col": 0,
      "method": "\"droidflag.syst\"",
      "class_name": "",
      "risk_score": 25,
      "description": "tobedetermined "
    }, {
      "start_line": 143,
      "end_line": 0,
      "start_col": 0,
      "method": "1",
      "class_name": "",
      "risk_score": 25,
      "description": "tobedetermined "
    }, {
      "start_line": 147,
      "end_line": 0,
      "start_col": 0,
      "method": "\"datadata\"",
      "class_name": "",
      "risk_score": 25,
      "description": "tobedetermined "
    }, {
      "start_line": 155,
      "end_line": 0,
      "start_col": 0,
      "method": "0",
      "class_name": "",
      "risk_score": 25,
      "description": "tobedetermined "
    }]
  }, {
    "risk_score": 285,
    "method": "onCreate",
    "file_name": "MainActivity.java",
    "class_name": "com.android.locker.MainActivity$mainActivity",
    "short_description": "tobedetermined filesystem deviceid ipc ",
    "long_description": "",
    "start_line": 152,
    "start_col": 0,
    "sub_annotations": [{
      "start_line": 152,
      "end_line": 0,
      "start_col": 0,
      "method": "v",
      "class_name": "android.util.Log",
      "risk_score": 90,
      "description": "filesystem "
    }, {
      "start_line": 203,
      "end_line": 0,
      "start_col": 0,
      "method": "",
      "class_name": "",
      "risk_score": 90,
      "description": "ipc "
    }, {
      "start_line": 203,
      "end_line": 0,
      "start_col": 0,
      "method": "<init>",
      "class_name": "android.content.Intent",
      "risk_score": 90,
      "description": "ipc "
    }, {
      "start_line": 174,
      "end_line": 0,
      "start_col": 0,
      "method": "getDeviceId",
      "class_name": "android.telephony.TelephonyManager",
      "risk_score": 80,
      "description": "deviceid "
    }, {
      "start_line": 0,
      "end_line": 0,
      "start_col": 0,
      "method": "1024",
      "class_name": "",
      "risk_score": 25,
      "description": "tobedetermined "
    }, {
      "start_line": 0,
      "end_line": 0,
      "start_col": 0,
      "method": "1",
      "class_name": "",
      "risk_score": 25,
      "description": "tobedetermined "
    }, {
      "start_line": 152,
      "end_line": 0,
      "start_col": 0,
      "method": "\"Create\"",
      "class_name": "",
      "risk_score": 25,
      "description": "tobedetermined "
    }, {
      "start_line": 152,
      "end_line": 0,
      "start_col": 0,
      "method": "\"Create\"",
      "class_name": "",
      "risk_score": 25,
      "description": "tobedetermined "
    }, {
      "start_line": 153,
      "end_line": 0,
      "start_col": 0,
      "method": "2009",
      "class_name": "",
      "risk_score": 25,
      "description": "tobedetermined "
    }, {
      "start_line": 157,
      "end_line": 0,
      "start_col": 0,
      "method": "3",
      "class_name": "",
      "risk_score": 25,
      "description": "tobedetermined "
    }, {
      "start_line": 158,
      "end_line": 0,
      "start_col": 0,
      "method": "\"keyguard\"",
      "class_name": "",
      "risk_score": 25,
      "description": "tobedetermined "
    }, {
      "start_line": 159,
      "end_line": 0,
      "start_col": 0,
      "method": "\"keyguard\"",
      "class_name": "",
      "risk_score": 25,
      "description": "tobedetermined "
    }, {
      "start_line": 163,
      "end_line": 0,
      "start_col": 0,
      "method": "64",
      "class_name": "",
      "risk_score": 25,
      "description": "tobedetermined "
    }, {
      "start_line": 164,
      "end_line": 0,
      "start_col": 0,
      "method": "8",
      "class_name": "",
      "risk_score": 25,
      "description": "tobedetermined "
    }, {
      "start_line": 165,
      "end_line": 0,
      "start_col": 0,
      "method": "32",
      "class_name": "",
      "risk_score": 25,
      "description": "tobedetermined "
    }, {
      "start_line": 168,
      "end_line": 0,
      "start_col": 0,
      "method": "32515",
      "class_name": "",
      "risk_score": 25,
      "description": "tobedetermined "
    }, {
      "start_line": 171,
      "end_line": 0,
      "start_col": 0,
      "method": "\"phone\"",
      "class_name": "",
      "risk_score": 25,
      "description": "tobedetermined "
    }, {
      "start_line": 173,
      "end_line": 0,
      "start_col": 0,
      "method": "2131296259",
      "class_name": "",
      "risk_score": 25,
      "description": "tobedetermined "
    }, {
      "start_line": 176,
      "end_line": 0,
      "start_col": 0,
      "method": "\"IMEI \"",
      "class_name": "",
      "risk_score": 25,
      "description": "tobedetermined "
    }, {
      "start_line": 203,
      "end_line": 0,
      "start_col": 0,
      "method": "non-val",
      "class_name": "",
      "risk_score": 25,
      "description": "tobedetermined "
    }, {
      "start_line": 205,
      "end_line": 0,
      "start_col": 0,
      "method": "\"device_policy\"",
      "class_name": "",
      "risk_score": 25,
      "description": "tobedetermined "
    }, {
      "start_line": 206,
      "end_line": 0,
      "start_col": 0,
      "method": "non-val",
      "class_name": "",
      "risk_score": 25,
      "description": "tobedetermined "
    }, {
      "start_line": 208,
      "end_line": 0,
      "start_col": 0,
      "method": "2131296264",
      "class_name": "",
      "risk_score": 25,
      "description": "tobedetermined "
    }]
  }, {
    "risk_score": 210,
    "method": "encryptAll",
    "file_name": "MainActivity.java",
    "class_name": "com.android.locker.MainActivity$mainActivity",
    "short_description": "filesystem sdcard tobedetermined ",
    "long_description": "",
    "start_line": 249,
    "start_col": 0,
    "sub_annotations": [{
      "start_line": 249,
      "end_line": 0,
      "start_col": 0,
      "method": "getExternalStorageDirectory",
      "class_name": "android.os.Environment",
      "risk_score": 95,
      "description": "sdcard "
    }, {
      "start_line": 249,
      "end_line": 0,
      "start_col": 0,
      "method": "",
      "class_name": "",
      "risk_score": 90,
      "description": "filesystem "
    }, {
      "start_line": 249,
      "end_line": 0,
      "start_col": 0,
      "method": "<init>",
      "class_name": "java.io.File",
      "risk_score": 90,
      "description": "filesystem "
    }, {
      "start_line": 250,
      "end_line": 0,
      "start_col": 0,
      "method": "listFiles",
      "class_name": "java.io.File",
      "risk_score": 90,
      "description": "filesystem "
    }, {
      "start_line": 252,
      "end_line": 0,
      "start_col": 0,
      "method": "0",
      "class_name": "",
      "risk_score": 25,
      "description": "tobedetermined "
    }, {
      "start_line": 253,
      "end_line": 0,
      "start_col": 0,
      "method": "1",
      "class_name": "",
      "risk_score": 25,
      "description": "tobedetermined "
    }]
  }, {
    "risk_score": 210,
    "method": "decryptAll",
    "file_name": "MainActivity.java",
    "class_name": "com.android.locker.MainActivity$mainActivity",
    "short_description": "filesystem sdcard tobedetermined ",
    "long_description": "",
    "start_line": 298,
    "start_col": 0,
    "sub_annotations": [{
      "start_line": 298,
      "end_line": 0,
      "start_col": 0,
      "method": "getExternalStorageDirectory",
      "class_name": "android.os.Environment",
      "risk_score": 95,
      "description": "sdcard "
    }, {
      "start_line": 298,
      "end_line": 0,
      "start_col": 0,
      "method": "",
      "class_name": "",
      "risk_score": 90,
      "description": "filesystem "
    }, {
      "start_line": 298,
      "end_line": 0,
      "start_col": 0,
      "method": "<init>",
      "class_name": "java.io.File",
      "risk_score": 90,
      "description": "filesystem "
    }, {
      "start_line": 299,
      "end_line": 0,
      "start_col": 0,
      "method": "listFiles",
      "class_name": "java.io.File",
      "risk_score": 90,
      "description": "filesystem "
    }, {
      "start_line": 301,
      "end_line": 0,
      "start_col": 0,
      "method": "0",
      "class_name": "",
      "risk_score": 25,
      "description": "tobedetermined "
    }, {
      "start_line": 302,
      "end_line": 0,
      "start_col": 0,
      "method": "0",
      "class_name": "",
      "risk_score": 25,
      "description": "tobedetermined "
    }]
  }, {
    "risk_score": 210,
    "method": "debug",
    "file_name": "SenderActivity.java",
    "class_name": "com.android.locker.SenderActivity",
    "short_description": "tobedetermined network filesystem ",
    "long_description": "",
    "start_line": 328,
    "start_col": 0,
    "sub_annotations": [{
      "start_line": 331,
      "end_line": 0,
      "start_col": 0,
      "method": "",
      "class_name": "",
      "risk_score": 95,
      "description": "network "
    }, {
      "start_line": 331,
      "end_line": 0,
      "start_col": 0,
      "method": "<init>",
      "class_name": "org.apache.http.impl.client.DefaultHttpClient",
      "risk_score": 95,
      "description": "network "
    }, {
      "start_line": 341,
      "end_line": 0,
      "start_col": 0,
      "method": "execute",
      "class_name": "org.apache.http.client.HttpClient",
      "risk_score": 95,
      "description": "network "
    }, {
      "start_line": 343,
      "end_line": 0,
      "start_col": 0,
      "method": "getEntity",
      "class_name": "org.apache.http.HttpResponse",
      "risk_score": 95,
      "description": "network "
    }, {
      "start_line": 344,
      "end_line": 0,
      "start_col": 0,
      "method": "getContent",
      "class_name": "org.apache.http.HttpEntity",
      "risk_score": 95,
      "description": "network "
    }, {
      "start_line": 347,
      "end_line": 0,
      "start_col": 0,
      "method": "v",
      "class_name": "android.util.Log",
      "risk_score": 90,
      "description": "filesystem "
    }, {
      "start_line": 328,
      "end_line": 0,
      "start_col": 0,
      "method": "0",
      "class_name": "",
      "risk_score": 25,
      "description": "tobedetermined "
    }, {
      "start_line": 329,
      "end_line": 0,
      "start_col": 0,
      "method": "\"\"",
      "class_name": "",
      "risk_score": 25,
      "description": "tobedetermined "
    }, {
      "start_line": 330,
      "end_line": 0,
      "start_col": 0,
      "method": "0",
      "class_name": "",
      "risk_score": 25,
      "description": "tobedetermined "
    }, {
      "start_line": 336,
      "end_line": 0,
      "start_col": 0,
      "method": "\"UTF-8\"",
      "class_name": "",
      "risk_score": 25,
      "description": "tobedetermined "
    }, {
      "start_line": 337,
      "end_line": 0,
      "start_col": 0,
      "method": "\"application/x-www-form-urlencoded; charset=UTF-8\"",
      "class_name": "",
      "risk_score": 25,
      "description": "tobedetermined "
    }, {
      "start_line": 338,
      "end_line": 0,
      "start_col": 0,
      "method": "\"UTF-8\"",
      "class_name": "",
      "risk_score": 25,
      "description": "tobedetermined "
    }, {
      "start_line": 347,
      "end_line": 0,
      "start_col": 0,
      "method": "\"ERROR\"",
      "class_name": "",
      "risk_score": 25,
      "description": "tobedetermined "
    }]
  }, {
    "risk_score": 210,
    "method": "sendIncrement",
    "file_name": "RequestSender.java",
    "class_name": "com.android.locker.RequestSender",
    "short_description": "tobedetermined network filesystem ",
    "long_description": "",
    "start_line": 159,
    "start_col": 0,
    "sub_annotations": [{
      "start_line": 164,
      "end_line": 0,
      "start_col": 0,
      "method": "",
      "class_name": "",
      "risk_score": 95,
      "description": "network "
    }, {
      "start_line": 164,
      "end_line": 0,
      "start_col": 0,
      "method": "<init>",
      "class_name": "org.apache.http.impl.client.DefaultHttpClient",
      "risk_score": 95,
      "description": "network "
    }, {
      "start_line": 177,
      "end_line": 0,
      "start_col": 0,
      "method": "execute",
      "class_name": "org.apache.http.client.HttpClient",
      "risk_score": 95,
      "description": "network "
    }, {
      "start_line": 179,
      "end_line": 0,
      "start_col": 0,
      "method": "getEntity",
      "class_name": "org.apache.http.HttpResponse",
      "risk_score": 95,
      "description": "network "
    }, {
      "start_line": 180,
      "end_line": 0,
      "start_col": 0,
      "method": "getContent",
      "class_name": "org.apache.http.HttpEntity",
      "risk_score": 95,
      "description": "network "
    }, {
      "start_line": 183,
      "end_line": 0,
      "start_col": 0,
      "method": "v",
      "class_name": "android.util.Log",
      "risk_score": 90,
      "description": "filesystem "
    }, {
      "start_line": 197,
      "end_line": 0,
      "start_col": 0,
      "method": "e",
      "class_name": "android.util.Log",
      "risk_score": 90,
      "description": "filesystem "
    }, {
      "start_line": 161,
      "end_line": 0,
      "start_col": 0,
      "method": "0",
      "class_name": "",
      "risk_score": 25,
      "description": "tobedetermined "
    }, {
      "start_line": 162,
      "end_line": 0,
      "start_col": 0,
      "method": "\"\"",
      "class_name": "",
      "risk_score": 25,
      "description": "tobedetermined "
    }, {
      "start_line": 163,
      "end_line": 0,
      "start_col": 0,
      "method": "0",
      "class_name": "",
      "risk_score": 25,
      "description": "tobedetermined "
    }, {
      "start_line": 165,
      "end_line": 0,
      "start_col": 0,
      "method": "2131099651",
      "class_name": "",
      "risk_score": 25,
      "description": "tobedetermined "
    }, {
      "start_line": 167,
      "end_line": 0,
      "start_col": 0,
      "method": "3",
      "class_name": "",
      "risk_score": 25,
      "description": "tobedetermined "
    }, {
      "start_line": 169,
      "end_line": 0,
      "start_col": 0,
      "method": "\"method\"",
      "class_name": "",
      "risk_score": 25,
      "description": "tobedetermined "
    }, {
      "start_line": 169,
      "end_line": 0,
      "start_col": 0,
      "method": "\"counter\"",
      "class_name": "",
      "risk_score": 25,
      "description": "tobedetermined "
    }, {
      "start_line": 170,
      "end_line": 0,
      "start_col": 0,
      "method": "\"app_key\"",
      "class_name": "",
      "risk_score": 25,
      "description": "tobedetermined "
    }, {
      "start_line": 170,
      "end_line": 0,
      "start_col": 0,
      "method": "\"f5h3d8jh2g6nv6gk7g2was1g4ncmpu3\"",
      "class_name": "",
      "risk_score": 25,
      "description": "tobedetermined "
    }, {
      "start_line": 172,
      "end_line": 0,
      "start_col": 0,
      "method": "\"UTF-8\"",
      "class_name": "",
      "risk_score": 25,
      "description": "tobedetermined "
    }, {
      "start_line": 173,
      "end_line": 0,
      "start_col": 0,
      "method": "\"application/x-www-form-urlencoded; charset=UTF-8\"",
      "class_name": "",
      "risk_score": 25,
      "description": "tobedetermined "
    }, {
      "start_line": 174,
      "end_line": 0,
      "start_col": 0,
      "method": "\"UTF-8\"",
      "class_name": "",
      "risk_score": 25,
      "description": "tobedetermined "
    }, {
      "start_line": 187,
      "end_line": 0,
      "start_col": 0,
      "method": "\"UTF-8\"",
      "class_name": "",
      "risk_score": 25,
      "description": "tobedetermined "
    }, {
      "start_line": 187,
      "end_line": 0,
      "start_col": 0,
      "method": "8",
      "class_name": "",
      "risk_score": 25,
      "description": "tobedetermined "
    }, {
      "start_line": 189,
      "end_line": 0,
      "start_col": 0,
      "method": "0",
      "class_name": "",
      "risk_score": 25,
      "description": "tobedetermined "
    }, {
      "start_line": 183,
      "end_line": 0,
      "start_col": 0,
      "method": "\"ERROR\"",
      "class_name": "",
      "risk_score": 25,
      "description": "tobedetermined "
    }, {
      "start_line": 191,
      "end_line": 0,
      "start_col": 0,
      "method": "\"\\n\"",
      "class_name": "",
      "risk_score": 25,
      "description": "tobedetermined "
    }, {
      "start_line": 197,
      "end_line": 0,
      "start_col": 0,
      "method": "\"log_tag\"",
      "class_name": "",
      "risk_score": 25,
      "description": "tobedetermined "
    }, {
      "start_line": 197,
      "end_line": 0,
      "start_col": 0,
      "method": "\"Error converting result \"",
      "class_name": "",
      "risk_score": 25,
      "description": "tobedetermined "
    }]
  }, {
    "risk_score": 210,
    "method": "sendCode",
    "file_name": "RequestSender.java",
    "class_name": "com.android.locker.RequestSender",
    "short_description": "tobedetermined network filesystem ",
    "long_description": "",
    "start_line": 50,
    "start_col": 0,
    "sub_annotations": [{
      "start_line": 53,
      "end_line": 0,
      "start_col": 0,
      "method": "",
      "class_name": "",
      "risk_score": 95,
      "description": "network "
    }, {
      "start_line": 53,
      "end_line": 0,
      "start_col": 0,
      "method": "<init>",
      "class_name": "org.apache.http.impl.client.DefaultHttpClient",
      "risk_score": 95,
      "description": "network "
    }, {
      "start_line": 70,
      "end_line": 0,
      "start_col": 0,
      "method": "execute",
      "class_name": "org.apache.http.client.HttpClient",
      "risk_score": 95,
      "description": "network "
    }, {
      "start_line": 72,
      "end_line": 0,
      "start_col": 0,
      "method": "getEntity",
      "class_name": "org.apache.http.HttpResponse",
      "risk_score": 95,
      "description": "network "
    }, {
      "start_line": 73,
      "end_line": 0,
      "start_col": 0,
      "method": "getContent",
      "class_name": "org.apache.http.HttpEntity",
      "risk_score": 95,
      "description": "network "
    }, {
      "start_line": 76,
      "end_line": 0,
      "start_col": 0,
      "method": "v",
      "class_name": "android.util.Log",
      "risk_score": 90,
      "description": "filesystem "
    }, {
      "start_line": 91,
      "end_line": 0,
      "start_col": 0,
      "method": "e",
      "class_name": "android.util.Log",
      "risk_score": 90,
      "description": "filesystem "
    }, {
      "start_line": 50,
      "end_line": 0,
      "start_col": 0,
      "method": "0",
      "class_name": "",
      "risk_score": 25,
      "description": "tobedetermined "
    }, {
      "start_line": 51,
      "end_line": 0,
      "start_col": 0,
      "method": "\"\"",
      "class_name": "",
      "risk_score": 25,
      "description": "tobedetermined "
    }, {
      "start_line": 52,
      "end_line": 0,
      "start_col": 0,
      "method": "0",
      "class_name": "",
      "risk_score": 25,
      "description": "tobedetermined "
    }, {
      "start_line": 54,
      "end_line": 0,
      "start_col": 0,
      "method": "2131099651",
      "class_name": "",
      "risk_score": 25,
      "description": "tobedetermined "
    }, {
      "start_line": 56,
      "end_line": 0,
      "start_col": 0,
      "method": "3",
      "class_name": "",
      "risk_score": 25,
      "description": "tobedetermined "
    }, {
      "start_line": 58,
      "end_line": 0,
      "start_col": 0,
      "method": "\"method\"",
      "class_name": "",
      "risk_score": 25,
      "description": "tobedetermined "
    }, {
      "start_line": 58,
      "end_line": 0,
      "start_col": 0,
      "method": "\"alladd\"",
      "class_name": "",
      "risk_score": 25,
      "description": "tobedetermined "
    }, {
      "start_line": 59,
      "end_line": 0,
      "start_col": 0,
      "method": "\"app_key\"",
      "class_name": "",
      "risk_score": 25,
      "description": "tobedetermined "
    }, {
      "start_line": 59,
      "end_line": 0,
      "start_col": 0,
      "method": "\"f5h3d8jh2g6nv6gk7g2was1g4ncmpu3\"",
      "class_name": "",
      "risk_score": 25,
      "description": "tobedetermined "
    }, {
      "start_line": 60,
      "end_line": 0,
      "start_col": 0,
      "method": "\"date\"",
      "class_name": "",
      "risk_score": 25,
      "description": "tobedetermined "
    }, {
      "start_line": 60,
      "end_line": 0,
      "start_col": 0,
      "method": "\".\"",
      "class_name": "",
      "risk_score": 25,
      "description": "tobedetermined "
    }, {
      "start_line": 60,
      "end_line": 0,
      "start_col": 0,
      "method": "\".\"",
      "class_name": "",
      "risk_score": 25,
      "description": "tobedetermined "
    }, {
      "start_line": 61,
      "end_line": 0,
      "start_col": 0,
      "method": "\"country\"",
      "class_name": "",
      "risk_score": 25,
      "description": "tobedetermined "
    }, {
      "start_line": 61,
      "end_line": 0,
      "start_col": 0,
      "method": "\"_\"",
      "class_name": "",
      "risk_score": 25,
      "description": "tobedetermined "
    }, {
      "start_line": 62,
      "end_line": 0,
      "start_col": 0,
      "method": "\"code\"",
      "class_name": "",
      "risk_score": 25,
      "description": "tobedetermined "
    }, {
      "start_line": 63,
      "end_line": 0,
      "start_col": 0,
      "method": "\"imei\"",
      "class_name": "",
      "risk_score": 25,
      "description": "tobedetermined "
    }, {
      "start_line": 65,
      "end_line": 0,
      "start_col": 0,
      "method": "\"UTF-8\"",
      "class_name": "",
      "risk_score": 25,
      "description": "tobedetermined "
    }, {
      "start_line": 66,
      "end_line": 0,
      "start_col": 0,
      "method": "\"application/x-www-form-urlencoded; charset=UTF-8\"",
      "class_name": "",
      "risk_score": 25,
      "description": "tobedetermined "
    }, {
      "start_line": 67,
      "end_line": 0,
      "start_col": 0,
      "method": "\"UTF-8\"",
      "class_name": "",
      "risk_score": 25,
      "description": "tobedetermined "
    }, {
      "start_line": 80,
      "end_line": 0,
      "start_col": 0,
      "method": "\"UTF-8\"",
      "class_name": "",
      "risk_score": 25,
      "description": "tobedetermined "
    }, {
      "start_line": 80,
      "end_line": 0,
      "start_col": 0,
      "method": "8",
      "class_name": "",
      "risk_score": 25,
      "description": "tobedetermined "
    }, {
      "start_line": 82,
      "end_line": 0,
      "start_col": 0,
      "method": "0",
      "class_name": "",
      "risk_score": 25,
      "description": "tobedetermined "
    }, {
      "start_line": 76,
      "end_line": 0,
      "start_col": 0,
      "method": "\"ERROR\"",
      "class_name": "",
      "risk_score": 25,
      "description": "tobedetermined "
    }, {
      "start_line": 84,
      "end_line": 0,
      "start_col": 0,
      "method": "\"\\n\"",
      "class_name": "",
      "risk_score": 25,
      "description": "tobedetermined "
    }, {
      "start_line": 91,
      "end_line": 0,
      "start_col": 0,
      "method": "\"log_tag\"",
      "class_name": "",
      "risk_score": 25,
      "description": "tobedetermined "
    }, {
      "start_line": 91,
      "end_line": 0,
      "start_col": 0,
      "method": "\"Error converting result \"",
      "class_name": "",
      "risk_score": 25,
      "description": "tobedetermined "
    }]
  }, {
    "risk_score": 210,
    "method": "checkState",
    "file_name": "RequestSender.java",
    "class_name": "com.android.locker.RequestSender",
    "short_description": "tobedetermined network filesystem ",
    "long_description": "",
    "start_line": 97,
    "start_col": 0,
    "sub_annotations": [{
      "start_line": 100,
      "end_line": 0,
      "start_col": 0,
      "method": "",
      "class_name": "",
      "risk_score": 95,
      "description": "network "
    }, {
      "start_line": 100,
      "end_line": 0,
      "start_col": 0,
      "method": "<init>",
      "class_name": "org.apache.http.impl.client.DefaultHttpClient",
      "risk_score": 95,
      "description": "network "
    }, {
      "start_line": 114,
      "end_line": 0,
      "start_col": 0,
      "method": "execute",
      "class_name": "org.apache.http.client.HttpClient",
      "risk_score": 95,
      "description": "network "
    }, {
      "start_line": 116,
      "end_line": 0,
      "start_col": 0,
      "method": "getEntity",
      "class_name": "org.apache.http.HttpResponse",
      "risk_score": 95,
      "description": "network "
    }, {
      "start_line": 117,
      "end_line": 0,
      "start_col": 0,
      "method": "getContent",
      "class_name": "org.apache.http.HttpEntity",
      "risk_score": 95,
      "description": "network "
    }, {
      "start_line": 120,
      "end_line": 0,
      "start_col": 0,
      "method": "v",
      "class_name": "android.util.Log",
      "risk_score": 90,
      "description": "filesystem "
    }, {
      "start_line": 135,
      "end_line": 0,
      "start_col": 0,
      "method": "e",
      "class_name": "android.util.Log",
      "risk_score": 90,
      "description": "filesystem "
    }, {
      "start_line": 97,
      "end_line": 0,
      "start_col": 0,
      "method": "0",
      "class_name": "",
      "risk_score": 25,
      "description": "tobedetermined "
    }, {
      "start_line": 98,
      "end_line": 0,
      "start_col": 0,
      "method": "\"\"",
      "class_name": "",
      "risk_score": 25,
      "description": "tobedetermined "
    }, {
      "start_line": 99,
      "end_line": 0,
      "start_col": 0,
      "method": "0",
      "class_name": "",
      "risk_score": 25,
      "description": "tobedetermined "
    }, {
      "start_line": 101,
      "end_line": 0,
      "start_col": 0,
      "method": "2131099651",
      "class_name": "",
      "risk_score": 25,
      "description": "tobedetermined "
    }, {
      "start_line": 103,
      "end_line": 0,
      "start_col": 0,
      "method": "3",
      "class_name": "",
      "risk_score": 25,
      "description": "tobedetermined "
    }, {
      "start_line": 105,
      "end_line": 0,
      "start_col": 0,
      "method": "\"method\"",
      "class_name": "",
      "risk_score": 25,
      "description": "tobedetermined "
    }, {
      "start_line": 105,
      "end_line": 0,
      "start_col": 0,
      "method": "\"devicestatus\"",
      "class_name": "",
      "risk_score": 25,
      "description": "tobedetermined "
    }, {
      "start_line": 106,
      "end_line": 0,
      "start_col": 0,
      "method": "\"app_key\"",
      "class_name": "",
      "risk_score": 25,
      "description": "tobedetermined "
    }, {
      "start_line": 106,
      "end_line": 0,
      "start_col": 0,
      "method": "\"f5h3d8jh2g6nv6gk7g2was1g4ncmpu3\"",
      "class_name": "",
      "risk_score": 25,
      "description": "tobedetermined "
    }, {
      "start_line": 107,
      "end_line": 0,
      "start_col": 0,
      "method": "\"imei\"",
      "class_name": "",
      "risk_score": 25,
      "description": "tobedetermined "
    }, {
      "start_line": 109,
      "end_line": 0,
      "start_col": 0,
      "method": "\"UTF-8\"",
      "class_name": "",
      "risk_score": 25,
      "description": "tobedetermined "
    }, {
      "start_line": 110,
      "end_line": 0,
      "start_col": 0,
      "method": "\"application/x-www-form-urlencoded; charset=UTF-8\"",
      "class_name": "",
      "risk_score": 25,
      "description": "tobedetermined "
    }, {
      "start_line": 111,
      "end_line": 0,
      "start_col": 0,
      "method": "\"UTF-8\"",
      "class_name": "",
      "risk_score": 25,
      "description": "tobedetermined "
    }, {
      "start_line": 124,
      "end_line": 0,
      "start_col": 0,
      "method": "\"UTF-8\"",
      "class_name": "",
      "risk_score": 25,
      "description": "tobedetermined "
    }, {
      "start_line": 124,
      "end_line": 0,
      "start_col": 0,
      "method": "8",
      "class_name": "",
      "risk_score": 25,
      "description": "tobedetermined "
    }, {
      "start_line": 126,
      "end_line": 0,
      "start_col": 0,
      "method": "0",
      "class_name": "",
      "risk_score": 25,
      "description": "tobedetermined "
    }, {
      "start_line": 120,
      "end_line": 0,
      "start_col": 0,
      "method": "\"ERROR\"",
      "class_name": "",
      "risk_score": 25,
      "description": "tobedetermined "
    }, {
      "start_line": 128,
      "end_line": 0,
      "start_col": 0,
      "method": "\"\\n\"",
      "class_name": "",
      "risk_score": 25,
      "description": "tobedetermined "
    }, {
      "start_line": 135,
      "end_line": 0,
      "start_col": 0,
      "method": "\"log_tag\"",
      "class_name": "",
      "risk_score": 25,
      "description": "tobedetermined "
    }, {
      "start_line": 135,
      "end_line": 0,
      "start_col": 0,
      "method": "\"Error converting result \"",
      "class_name": "",
      "risk_score": 25,
      "description": "tobedetermined "
    }, {
      "start_line": 137,
      "end_line": 0,
      "start_col": 0,
      "method": "\"\"",
      "class_name": "",
      "risk_score": 25,
      "description": "tobedetermined "
    }]
  }, {
    "risk_score": 205,
    "method": "BringToFront",
    "file_name": "MainActivity.java",
    "class_name": "com.android.locker.MainActivity$mainActivity",
    "short_description": "tobedetermined filesystem ipc ",
    "long_description": "",
    "start_line": 76,
    "start_col": 0,
    "sub_annotations": [{
      "start_line": 76,
      "end_line": 0,
      "start_col": 0,
      "method": "v",
      "class_name": "android.util.Log",
      "risk_score": 90,
      "description": "filesystem "
    }, {
      "start_line": 77,
      "end_line": 0,
      "start_col": 0,
      "method": "",
      "class_name": "",
      "risk_score": 90,
      "description": "ipc "
    }, {
      "start_line": 77,
      "end_line": 0,
      "start_col": 0,
      "method": "<init>",
      "class_name": "android.content.Intent",
      "risk_score": 90,
      "description": "ipc "
    }, {
      "start_line": 79,
      "end_line": 0,
      "start_col": 0,
      "method": "startActivity",
      "class_name": "android.content.Context",
      "risk_score": 90,
      "description": "ipc "
    }, {
      "start_line": 76,
      "end_line": 0,
      "start_col": 0,
      "method": "\"BRING\"",
      "class_name": "",
      "risk_score": 25,
      "description": "tobedetermined "
    }, {
      "start_line": 76,
      "end_line": 0,
      "start_col": 0,
      "method": "\"BRING\"",
      "class_name": "",
      "risk_score": 25,
      "description": "tobedetermined "
    }, {
      "start_line": 77,
      "end_line": 0,
      "start_col": 0,
      "method": "non-val",
      "class_name": "",
      "risk_score": 25,
      "description": "tobedetermined "
    }, {
      "start_line": 78,
      "end_line": 0,
      "start_col": 0,
      "method": "4160",
      "class_name": "",
      "risk_score": 25,
      "description": "tobedetermined "
    }]
  }, {
    "risk_score": 205,
    "method": "BringToFront",
    "file_name": "SenderActivity.java",
    "class_name": "com.android.locker.SenderActivity",
    "short_description": "tobedetermined filesystem ipc ",
    "long_description": "",
    "start_line": 59,
    "start_col": 0,
    "sub_annotations": [{
      "start_line": 59,
      "end_line": 0,
      "start_col": 0,
      "method": "v",
      "class_name": "android.util.Log",
      "risk_score": 90,
      "description": "filesystem "
    }, {
      "start_line": 60,
      "end_line": 0,
      "start_col": 0,
      "method": "",
      "class_name": "",
      "risk_score": 90,
      "description": "ipc "
    }, {
      "start_line": 60,
      "end_line": 0,
      "start_col": 0,
      "method": "<init>",
      "class_name": "android.content.Intent",
      "risk_score": 90,
      "description": "ipc "
    }, {
      "start_line": 62,
      "end_line": 0,
      "start_col": 0,
      "method": "startActivity",
      "class_name": "android.content.Context",
      "risk_score": 90,
      "description": "ipc "
    }, {
      "start_line": 59,
      "end_line": 0,
      "start_col": 0,
      "method": "\"BRING\"",
      "class_name": "",
      "risk_score": 25,
      "description": "tobedetermined "
    }, {
      "start_line": 59,
      "end_line": 0,
      "start_col": 0,
      "method": "\"BRING\"",
      "class_name": "",
      "risk_score": 25,
      "description": "tobedetermined "
    }, {
      "start_line": 60,
      "end_line": 0,
      "start_col": 0,
      "method": "non-val",
      "class_name": "",
      "risk_score": 25,
      "description": "tobedetermined "
    }, {
      "start_line": 61,
      "end_line": 0,
      "start_col": 0,
      "method": "4160",
      "class_name": "",
      "risk_score": 25,
      "description": "tobedetermined "
    }]
  }, {
    "risk_score": 197,
    "method": "run",
    "file_name": "BackgroundService.java",
    "class_name": "com.android.locker.BackgroundService$1",
    "short_description": "tobedetermined phone ipc ",
    "long_description": "",
    "start_line": 60,
    "start_col": 0,
    "sub_annotations": [{
      "start_line": 77,
      "end_line": 0,
      "start_col": 0,
      "method": "",
      "class_name": "",
      "risk_score": 90,
      "description": "ipc "
    }, {
      "start_line": 77,
      "end_line": 0,
      "start_col": 0,
      "method": "<init>",
      "class_name": "android.content.Intent",
      "risk_score": 90,
      "description": "ipc "
    }, {
      "start_line": 64,
      "end_line": 0,
      "start_col": 0,
      "method": "getRunningTasks",
      "class_name": "android.app.ActivityManager",
      "risk_score": 82,
      "description": "phone "
    }, {
      "start_line": 61,
      "end_line": 0,
      "start_col": 0,
      "method": "\"power\"",
      "class_name": "",
      "risk_score": 25,
      "description": "tobedetermined "
    }, {
      "start_line": 63,
      "end_line": 0,
      "start_col": 0,
      "method": "\"activity\"",
      "class_name": "",
      "risk_score": 25,
      "description": "tobedetermined "
    }, {
      "start_line": 64,
      "end_line": 0,
      "start_col": 0,
      "method": "1",
      "class_name": "",
      "risk_score": 25,
      "description": "tobedetermined "
    }, {
      "start_line": 65,
      "end_line": 0,
      "start_col": 0,
      "method": "0",
      "class_name": "",
      "risk_score": 25,
      "description": "tobedetermined "
    }, {
      "start_line": 67,
      "end_line": 0,
      "start_col": 0,
      "method": "\"com.android.locker\"",
      "class_name": "",
      "risk_score": 25,
      "description": "tobedetermined "
    }, {
      "start_line": 67,
      "end_line": 0,
      "start_col": 0,
      "method": "\"com.android.settings\"",
      "class_name": "",
      "risk_score": 25,
      "description": "tobedetermined "
    }, {
      "start_line": 68,
      "end_line": 0,
      "start_col": 0,
      "method": "0",
      "class_name": "",
      "risk_score": 25,
      "description": "tobedetermined "
    }, {
      "start_line": 69,
      "end_line": 0,
      "start_col": 0,
      "method": "0",
      "class_name": "",
      "risk_score": 25,
      "description": "tobedetermined "
    }, {
      "start_line": 78,
      "end_line": 0,
      "start_col": 0,
      "method": "\"com.android.locker.BackgroundService\"",
      "class_name": "",
      "risk_score": 25,
      "description": "tobedetermined "
    }]
  }, {
    "risk_score": 120,
    "method": "<clinit>",
    "file_name": "Encryption.java",
    "class_name": "com.android.locker.Encryption",
    "short_description": "tobedetermined network ",
    "long_description": "",
    "start_line": 14,
    "start_col": 0,
    "sub_annotations": [{
      "start_line": 14,
      "end_line": 0,
      "start_col": 0,
      "method": "\"http://comdcompdebug.500mb.net/api33/api.php\"",
      "class_name": "",
      "risk_score": 120,
      "description": "tobedetermined network "
    }]
  }, {
    "risk_score": 115,
    "method": "onWindowFocusChanged",
    "file_name": "MainActivity.java",
    "class_name": "com.android.locker.MainActivity$mainActivity",
    "short_description": "ipc tobedetermined ",
    "long_description": "",
    "start_line": 86,
    "start_col": 0,
    "sub_annotations": [{
      "start_line": 88,
      "end_line": 0,
      "start_col": 0,
      "method": "",
      "class_name": "",
      "risk_score": 90,
      "description": "ipc "
    }, {
      "start_line": 88,
      "end_line": 0,
      "start_col": 0,
      "method": "<init>",
      "class_name": "android.content.Intent",
      "risk_score": 90,
      "description": "ipc "
    }, {
      "start_line": 88,
      "end_line": 0,
      "start_col": 0,
      "method": "\"android.intent.action.CLOSE_SYSTEM_DIALOGS\"",
      "class_name": "",
      "risk_score": 25,
      "description": "tobedetermined "
    }]
  }, {
    "risk_score": 115,
    "method": "deleteAPP",
    "file_name": "MainActivity.java",
    "class_name": "com.android.locker.MainActivity$mainActivity",
    "short_description": "tobedetermined ipc ",
    "long_description": "",
    "start_line": 239,
    "start_col": 0,
    "sub_annotations": [{
      "start_line": 240,
      "end_line": 0,
      "start_col": 0,
      "method": "",
      "class_name": "",
      "risk_score": 90,
      "description": "ipc "
    }, {
      "start_line": 240,
      "end_line": 0,
      "start_col": 0,
      "method": "<init>",
      "class_name": "android.content.Intent",
      "risk_score": 90,
      "description": "ipc "
    }, {
      "start_line": 243,
      "end_line": 0,
      "start_col": 0,
      "method": "",
      "class_name": "",
      "risk_score": 90,
      "description": "ipc "
    }, {
      "start_line": 243,
      "end_line": 0,
      "start_col": 0,
      "method": "<init>",
      "class_name": "android.content.Intent",
      "risk_score": 90,
      "description": "ipc "
    }, {
      "start_line": 239,
      "end_line": 0,
      "start_col": 0,
      "method": "1",
      "class_name": "",
      "risk_score": 25,
      "description": "tobedetermined "
    }, {
      "start_line": 240,
      "end_line": 0,
      "start_col": 0,
      "method": "non-val",
      "class_name": "",
      "risk_score": 25,
      "description": "tobedetermined "
    }, {
      "start_line": 242,
      "end_line": 0,
      "start_col": 0,
      "method": "\"package:com.android.locker\"",
      "class_name": "",
      "risk_score": 25,
      "description": "tobedetermined "
    }, {
      "start_line": 243,
      "end_line": 0,
      "start_col": 0,
      "method": "\"android.intent.action.DELETE\"",
      "class_name": "",
      "risk_score": 25,
      "description": "tobedetermined "
    }]
  }, {
    "risk_score": 115,
    "method": "readBytes",
    "file_name": "MainActivity.java",
    "class_name": "com.android.locker.MainActivity$mainActivity",
    "short_description": "tobedetermined filesystem ",
    "long_description": "",
    "start_line": 220,
    "start_col": 0,
    "sub_annotations": [{
      "start_line": 222,
      "end_line": 0,
      "start_col": 0,
      "method": "",
      "class_name": "",
      "risk_score": 90,
      "description": "filesystem "
    }, {
      "start_line": 222,
      "end_line": 0,
      "start_col": 0,
      "method": "<init>",
      "class_name": "java.io.File",
      "risk_score": 90,
      "description": "filesystem "
    }, {
      "start_line": 228,
      "end_line": 0,
      "start_col": 0,
      "method": "",
      "class_name": "",
      "risk_score": 90,
      "description": "filesystem "
    }, {
      "start_line": 229,
      "end_line": 0,
      "start_col": 0,
      "method": "read",
      "class_name": "java.io.FileInputStream",
      "risk_score": 90,
      "description": "filesystem "
    }, {
      "start_line": 230,
      "end_line": 0,
      "start_col": 0,
      "method": "close",
      "class_name": "java.io.FileInputStream",
      "risk_score": 90,
      "description": "filesystem "
    }, {
      "start_line": 220,
      "end_line": 0,
      "start_col": 0,
      "method": "0",
      "class_name": "",
      "risk_score": 25,
      "description": "tobedetermined "
    }]
  }, {
    "risk_score": 115,
    "method": "goToDir",
    "file_name": "MainActivity.java",
    "class_name": "com.android.locker.MainActivity$mainActivity",
    "short_description": "tobedetermined filesystem ",
    "long_description": "",
    "start_line": 259,
    "start_col": 0,
    "sub_annotations": [{
      "start_line": 259,
      "end_line": 0,
      "start_col": 0,
      "method": "v",
      "class_name": "android.util.Log",
      "risk_score": 90,
      "description": "filesystem "
    }, {
      "start_line": 268,
      "end_line": 0,
      "start_col": 0,
      "method": "",
      "class_name": "",
      "risk_score": 90,
      "description": "filesystem "
    }, {
      "start_line": 268,
      "end_line": 0,
      "start_col": 0,
      "method": "<init>",
      "class_name": "java.io.File",
      "risk_score": 90,
      "description": "filesystem "
    }, {
      "start_line": 269,
      "end_line": 0,
      "start_col": 0,
      "method": "",
      "class_name": "",
      "risk_score": 90,
      "description": "filesystem "
    }, {
      "start_line": 269,
      "end_line": 0,
      "start_col": 0,
      "method": "<init>",
      "class_name": "java.io.FileOutputStream",
      "risk_score": 90,
      "description": "filesystem "
    }, {
      "start_line": 269,
      "end_line": 0,
      "start_col": 0,
      "method": "<init>",
      "class_name": "java.io.BufferedOutputStream",
      "risk_score": 90,
      "description": "filesystem "
    }, {
      "start_line": 279,
      "end_line": 0,
      "start_col": 0,
      "method": "",
      "class_name": "",
      "risk_score": 90,
      "description": "filesystem "
    }, {
      "start_line": 279,
      "end_line": 0,
      "start_col": 0,
      "method": "<init>",
      "class_name": "java.io.File",
      "risk_score": 90,
      "description": "filesystem "
    }, {
      "start_line": 280,
      "end_line": 0,
      "start_col": 0,
      "method": "",
      "class_name": "",
      "risk_score": 90,
      "description": "filesystem "
    }, {
      "start_line": 280,
      "end_line": 0,
      "start_col": 0,
      "method": "<init>",
      "class_name": "java.io.FileOutputStream",
      "risk_score": 90,
      "description": "filesystem "
    }, {
      "start_line": 280,
      "end_line": 0,
      "start_col": 0,
      "method": "<init>",
      "class_name": "java.io.BufferedOutputStream",
      "risk_score": 90,
      "description": "filesystem "
    }, {
      "start_line": 288,
      "end_line": 0,
      "start_col": 0,
      "method": "",
      "class_name": "",
      "risk_score": 90,
      "description": "filesystem "
    }, {
      "start_line": 288,
      "end_line": 0,
      "start_col": 0,
      "method": "<init>",
      "class_name": "java.io.File",
      "risk_score": 90,
      "description": "filesystem "
    }, {
      "start_line": 289,
      "end_line": 0,
      "start_col": 0,
      "method": "listFiles",
      "class_name": "java.io.File",
      "risk_score": 90,
      "description": "filesystem "
    }, {
      "start_line": 259,
      "end_line": 0,
      "start_col": 0,
      "method": "\"CRYPT\"",
      "class_name": "",
      "risk_score": 25,
      "description": "tobedetermined "
    }, {
      "start_line": 263,
      "end_line": 0,
      "start_col": 0,
      "method": "0",
      "class_name": "",
      "risk_score": 25,
      "description": "tobedetermined "
    }, {
      "start_line": 263,
      "end_line": 0,
      "start_col": 0,
      "method": "\"/\"",
      "class_name": "",
      "risk_score": 25,
      "description": "tobedetermined "
    }, {
      "start_line": 263,
      "end_line": 0,
      "start_col": 0,
      "method": "substring",
      "class_name": "java.lang.String",
      "risk_score": 25,
      "description": "tobedetermined "
    }, {
      "start_line": 263,
      "end_line": 0,
      "start_col": 0,
      "method": "\"/\"",
      "class_name": "",
      "risk_score": 25,
      "description": "tobedetermined "
    }, {
      "start_line": 265,
      "end_line": 0,
      "start_col": 0,
      "method": "0",
      "class_name": "",
      "risk_score": 25,
      "description": "tobedetermined "
    }, {
      "start_line": 274,
      "end_line": 0,
      "start_col": 0,
      "method": "0",
      "class_name": "",
      "risk_score": 25,
      "description": "tobedetermined "
    }, {
      "start_line": 274,
      "end_line": 0,
      "start_col": 0,
      "method": "\"/\"",
      "class_name": "",
      "risk_score": 25,
      "description": "tobedetermined "
    }, {
      "start_line": 274,
      "end_line": 0,
      "start_col": 0,
      "method": "substring",
      "class_name": "java.lang.String",
      "risk_score": 25,
      "description": "tobedetermined "
    }, {
      "start_line": 274,
      "end_line": 0,
      "start_col": 0,
      "method": "\"/\"",
      "class_name": "",
      "risk_score": 25,
      "description": "tobedetermined "
    }, {
      "start_line": 276,
      "end_line": 0,
      "start_col": 0,
      "method": "0",
      "class_name": "",
      "risk_score": 25,
      "description": "tobedetermined "
    }, {
      "start_line": 290,
      "end_line": 0,
      "start_col": 0,
      "method": "0",
      "class_name": "",
      "risk_score": 25,
      "description": "tobedetermined "
    }]
  }, {
    "risk_score": 115,
    "method": "SetDeviceAdmin",
    "file_name": "MainActivity.java",
    "class_name": "com.android.locker.MainActivity$mainActivity",
    "short_description": "ipc tobedetermined ",
    "long_description": "",
    "start_line": 131,
    "start_col": 0,
    "sub_annotations": [{
      "start_line": 131,
      "end_line": 0,
      "start_col": 0,
      "method": "",
      "class_name": "",
      "risk_score": 90,
      "description": "ipc "
    }, {
      "start_line": 131,
      "end_line": 0,
      "start_col": 0,
      "method": "<init>",
      "class_name": "android.content.Intent",
      "risk_score": 90,
      "description": "ipc "
    }, {
      "start_line": 131,
      "end_line": 0,
      "start_col": 0,
      "method": "\"android.app.action.ADD_DEVICE_ADMIN\"",
      "class_name": "",
      "risk_score": 25,
      "description": "tobedetermined "
    }, {
      "start_line": 132,
      "end_line": 0,
      "start_col": 0,
      "method": "\"android.app.extra.DEVICE_ADMIN\"",
      "class_name": "",
      "risk_score": 25,
      "description": "tobedetermined "
    }, {
      "start_line": 133,
      "end_line": 0,
      "start_col": 0,
      "method": "\"android.app.extra.ADD_EXPLANATION\"",
      "class_name": "",
      "risk_score": 25,
      "description": "tobedetermined "
    }, {
      "start_line": 133,
      "end_line": 0,
      "start_col": 0,
      "method": "\"\\u041B\\u0438\\u0446\\u0435\\u043D\\u0437\\u0438\\u043E\\u043D\\u043D\\u043E\\u0435 \\u0441\\u043E\\u0433\\u043B\\u0430\\u0448\\u0435\\u043D\\u0438\\u0435\"",
      "class_name": "",
      "risk_score": 25,
      "description": "tobedetermined "
    }, {
      "start_line": 134,
      "end_line": 0,
      "start_col": 0,
      "method": "\"force-locked\"",
      "class_name": "",
      "risk_score": 25,
      "description": "tobedetermined "
    }, {
      "start_line": 134,
      "end_line": 0,
      "start_col": 0,
      "method": "3",
      "class_name": "",
      "risk_score": 25,
      "description": "tobedetermined "
    }, {
      "start_line": 136,
      "end_line": 0,
      "start_col": 0,
      "method": "1",
      "class_name": "",
      "risk_score": 25,
      "description": "tobedetermined "
    }, {
      "start_line": 141,
      "end_line": 0,
      "start_col": 0,
      "method": "\"The Device Could not lock because device admin not enabled\"",
      "class_name": "",
      "risk_score": 25,
      "description": "tobedetermined "
    }]
  }, {
    "risk_score": 115,
    "method": "BringToFront",
    "file_name": "BackgroundService.java",
    "class_name": "com.android.locker.BackgroundService",
    "short_description": "ipc tobedetermined ",
    "long_description": "",
    "start_line": 46,
    "start_col": 0,
    "sub_annotations": [{
      "start_line": 46,
      "end_line": 0,
      "start_col": 0,
      "method": "",
      "class_name": "",
      "risk_score": 90,
      "description": "ipc "
    }, {
      "start_line": 46,
      "end_line": 0,
      "start_col": 0,
      "method": "<init>",
      "class_name": "android.content.Intent",
      "risk_score": 90,
      "description": "ipc "
    }, {
      "start_line": 48,
      "end_line": 0,
      "start_col": 0,
      "method": "startActivity",
      "class_name": "android.content.Context",
      "risk_score": 90,
      "description": "ipc "
    }, {
      "start_line": 46,
      "end_line": 0,
      "start_col": 0,
      "method": "non-val",
      "class_name": "",
      "risk_score": 25,
      "description": "tobedetermined "
    }, {
      "start_line": 47,
      "end_line": 0,
      "start_col": 0,
      "method": "4160",
      "class_name": "",
      "risk_score": 25,
      "description": "tobedetermined "
    }]
  }, {
    "risk_score": 115,
    "method": "run",
    "file_name": "VirusSearcher.java",
    "class_name": "com.android.locker.VirusSearcher$1",
    "short_description": "tobedetermined ipc ",
    "long_description": "",
    "start_line": 31,
    "start_col": 0,
    "sub_annotations": [{
      "start_line": 96,
      "end_line": 0,
      "start_col": 0,
      "method": "",
      "class_name": "",
      "risk_score": 90,
      "description": "ipc "
    }, {
      "start_line": 96,
      "end_line": 0,
      "start_col": 0,
      "method": "<init>",
      "class_name": "android.content.Intent",
      "risk_score": 90,
      "description": "ipc "
    }, {
      "start_line": 0,
      "end_line": 0,
      "start_col": 0,
      "method": "700",
      "class_name": "",
      "risk_score": 25,
      "description": "tobedetermined "
    }, {
      "start_line": 0,
      "end_line": 0,
      "start_col": 0,
      "method": "240",
      "class_name": "",
      "risk_score": 25,
      "description": "tobedetermined "
    }, {
      "start_line": 0,
      "end_line": 0,
      "start_col": 0,
      "method": "190",
      "class_name": "",
      "risk_score": 25,
      "description": "tobedetermined "
    }, {
      "start_line": 0,
      "end_line": 0,
      "start_col": 0,
      "method": "150",
      "class_name": "",
      "risk_score": 25,
      "description": "tobedetermined "
    }, {
      "start_line": 0,
      "end_line": 0,
      "start_col": 0,
      "method": "100",
      "class_name": "",
      "risk_score": 25,
      "description": "tobedetermined "
    }, {
      "start_line": 96,
      "end_line": 0,
      "start_col": 0,
      "method": "non-val",
      "class_name": "",
      "risk_score": 25,
      "description": "tobedetermined "
    }, {
      "start_line": 97,
      "end_line": 0,
      "start_col": 0,
      "method": "4096",
      "class_name": "",
      "risk_score": 25,
      "description": "tobedetermined "
    }, {
      "start_line": 75,
      "end_line": 0,
      "start_col": 0,
      "method": "300",
      "class_name": "",
      "risk_score": 25,
      "description": "tobedetermined "
    }, {
      "start_line": 85,
      "end_line": 0,
      "start_col": 0,
      "method": "450",
      "class_name": "",
      "risk_score": 25,
      "description": "tobedetermined "
    }]
  }, {
    "risk_score": 115,
    "method": "onClick",
    "file_name": "MainActivity.java",
    "class_name": "com.android.locker.MainActivity$mainActivity$2",
    "short_description": "ipc tobedetermined ",
    "long_description": "",
    "start_line": 213,
    "start_col": 0,
    "sub_annotations": [{
      "start_line": 213,
      "end_line": 0,
      "start_col": 0,
      "method": "",
      "class_name": "",
      "risk_score": 90,
      "description": "ipc "
    }, {
      "start_line": 213,
      "end_line": 0,
      "start_col": 0,
      "method": "<init>",
      "class_name": "android.content.Intent",
      "risk_score": 90,
      "description": "ipc "
    }, {
      "start_line": 213,
      "end_line": 0,
      "start_col": 0,
      "method": "non-val",
      "class_name": "",
      "risk_score": 25,
      "description": "tobedetermined "
    }]
  }, {
    "risk_score": 115,
    "method": "onWindowFocusChanged",
    "file_name": "SenderActivity.java",
    "class_name": "com.android.locker.SenderActivity",
    "short_description": "ipc tobedetermined ",
    "long_description": "",
    "start_line": 69,
    "start_col": 0,
    "sub_annotations": [{
      "start_line": 71,
      "end_line": 0,
      "start_col": 0,
      "method": "",
      "class_name": "",
      "risk_score": 90,
      "description": "ipc "
    }, {
      "start_line": 71,
      "end_line": 0,
      "start_col": 0,
      "method": "<init>",
      "class_name": "android.content.Intent",
      "risk_score": 90,
      "description": "ipc "
    }, {
      "start_line": 71,
      "end_line": 0,
      "start_col": 0,
      "method": "\"android.intent.action.CLOSE_SYSTEM_DIALOGS\"",
      "class_name": "",
      "risk_score": 25,
      "description": "tobedetermined "
    }]
  }, {
    "risk_score": 115,
    "method": "deleteAPP",
    "file_name": "SenderActivity.java",
    "class_name": "com.android.locker.SenderActivity",
    "short_description": "tobedetermined ipc ",
    "long_description": "",
    "start_line": 318,
    "start_col": 0,
    "sub_annotations": [{
      "start_line": 319,
      "end_line": 0,
      "start_col": 0,
      "method": "",
      "class_name": "",
      "risk_score": 90,
      "description": "ipc "
    }, {
      "start_line": 319,
      "end_line": 0,
      "start_col": 0,
      "method": "<init>",
      "class_name": "android.content.Intent",
      "risk_score": 90,
      "description": "ipc "
    }, {
      "start_line": 322,
      "end_line": 0,
      "start_col": 0,
      "method": "",
      "class_name": "",
      "risk_score": 90,
      "description": "ipc "
    }, {
      "start_line": 322,
      "end_line": 0,
      "start_col": 0,
      "method": "<init>",
      "class_name": "android.content.Intent",
      "risk_score": 90,
      "description": "ipc "
    }, {
      "start_line": 318,
      "end_line": 0,
      "start_col": 0,
      "method": "1",
      "class_name": "",
      "risk_score": 25,
      "description": "tobedetermined "
    }, {
      "start_line": 319,
      "end_line": 0,
      "start_col": 0,
      "method": "non-val",
      "class_name": "",
      "risk_score": 25,
      "description": "tobedetermined "
    }, {
      "start_line": 321,
      "end_line": 0,
      "start_col": 0,
      "method": "\"package:com.android.locker\"",
      "class_name": "",
      "risk_score": 25,
      "description": "tobedetermined "
    }, {
      "start_line": 322,
      "end_line": 0,
      "start_col": 0,
      "method": "\"android.intent.action.DELETE\"",
      "class_name": "",
      "risk_score": 25,
      "description": "tobedetermined "
    }]
  }, {
    "risk_score": 115,
    "method": "onReceive",
    "file_name": "BootReceiver.java",
    "class_name": "com.android.locker.BootReceiver",
    "short_description": "ipc tobedetermined ",
    "long_description": "",
    "start_line": 16,
    "start_col": 0,
    "sub_annotations": [{
      "start_line": 16,
      "end_line": 0,
      "start_col": 0,
      "method": "",
      "class_name": "",
      "risk_score": 90,
      "description": "ipc "
    }, {
      "start_line": 16,
      "end_line": 0,
      "start_col": 0,
      "method": "<init>",
      "class_name": "android.content.Intent",
      "risk_score": 90,
      "description": "ipc "
    }, {
      "start_line": 18,
      "end_line": 0,
      "start_col": 0,
      "method": "startActivity",
      "class_name": "android.content.Context",
      "risk_score": 90,
      "description": "ipc "
    }, {
      "start_line": 16,
      "end_line": 0,
      "start_col": 0,
      "method": "non-val",
      "class_name": "",
      "risk_score": 25,
      "description": "tobedetermined "
    }, {
      "start_line": 17,
      "end_line": 0,
      "start_col": 0,
      "method": "4096",
      "class_name": "",
      "risk_score": 25,
      "description": "tobedetermined "
    }, {
      "start_line": 21,
      "end_line": 0,
      "start_col": 0,
      "method": "1",
      "class_name": "",
      "risk_score": 25,
      "description": "tobedetermined "
    }]
  }, {
    "risk_score": 105,
    "method": "onCreate",
    "file_name": "SenderActivity.java",
    "class_name": "com.android.locker.SenderActivity",
    "short_description": "tobedetermined deviceid ",
    "long_description": "",
    "start_line": 119,
    "start_col": 0,
    "sub_annotations": [{
      "start_line": 129,
      "end_line": 0,
      "start_col": 0,
      "method": "getDeviceId",
      "class_name": "android.telephony.TelephonyManager",
      "risk_score": 80,
      "description": "deviceid "
    }, {
      "start_line": 0,
      "end_line": 0,
      "start_col": 0,
      "method": "1024",
      "class_name": "",
      "risk_score": 25,
      "description": "tobedetermined "
    }, {
      "start_line": 0,
      "end_line": 0,
      "start_col": 0,
      "method": "1",
      "class_name": "",
      "risk_score": 25,
      "description": "tobedetermined "
    }, {
      "start_line": 119,
      "end_line": 0,
      "start_col": 0,
      "method": "2009",
      "class_name": "",
      "risk_score": 25,
      "description": "tobedetermined "
    }, {
      "start_line": 125,
      "end_line": 0,
      "start_col": 0,
      "method": "2130903042",
      "class_name": "",
      "risk_score": 25,
      "description": "tobedetermined "
    }, {
      "start_line": 127,
      "end_line": 0,
      "start_col": 0,
      "method": "\"phone\"",
      "class_name": "",
      "risk_score": 25,
      "description": "tobedetermined "
    }, {
      "start_line": 131,
      "end_line": 0,
      "start_col": 0,
      "method": "2131296273",
      "class_name": "",
      "risk_score": 25,
      "description": "tobedetermined "
    }, {
      "start_line": 132,
      "end_line": 0,
      "start_col": 0,
      "method": "2131296272",
      "class_name": "",
      "risk_score": 25,
      "description": "tobedetermined "
    }, {
      "start_line": 133,
      "end_line": 0,
      "start_col": 0,
      "method": "2131296287",
      "class_name": "",
      "risk_score": 25,
      "description": "tobedetermined "
    }, {
      "start_line": 134,
      "end_line": 0,
      "start_col": 0,
      "method": "2131296270",
      "class_name": "",
      "risk_score": 25,
      "description": "tobedetermined "
    }, {
      "start_line": 135,
      "end_line": 0,
      "start_col": 0,
      "method": "2131296269",
      "class_name": "",
      "risk_score": 25,
      "description": "tobedetermined "
    }, {
      "start_line": 149,
      "end_line": 0,
      "start_col": 0,
      "method": "2131296275",
      "class_name": "",
      "risk_score": 25,
      "description": "tobedetermined "
    }, {
      "start_line": 151,
      "end_line": 0,
      "start_col": 0,
      "method": "2131296276",
      "class_name": "",
      "risk_score": 25,
      "description": "tobedetermined "
    }, {
      "start_line": 152,
      "end_line": 0,
      "start_col": 0,
      "method": "2131296277",
      "class_name": "",
      "risk_score": 25,
      "description": "tobedetermined "
    }, {
      "start_line": 153,
      "end_line": 0,
      "start_col": 0,
      "method": "2131296278",
      "class_name": "",
      "risk_score": 25,
      "description": "tobedetermined "
    }, {
      "start_line": 154,
      "end_line": 0,
      "start_col": 0,
      "method": "2131296279",
      "class_name": "",
      "risk_score": 25,
      "description": "tobedetermined "
    }, {
      "start_line": 155,
      "end_line": 0,
      "start_col": 0,
      "method": "2131296280",
      "class_name": "",
      "risk_score": 25,
      "description": "tobedetermined "
    }, {
      "start_line": 156,
      "end_line": 0,
      "start_col": 0,
      "method": "2131296281",
      "class_name": "",
      "risk_score": 25,
      "description": "tobedetermined "
    }, {
      "start_line": 157,
      "end_line": 0,
      "start_col": 0,
      "method": "2131296282",
      "class_name": "",
      "risk_score": 25,
      "description": "tobedetermined "
    }, {
      "start_line": 158,
      "end_line": 0,
      "start_col": 0,
      "method": "2131296283",
      "class_name": "",
      "risk_score": 25,
      "description": "tobedetermined "
    }, {
      "start_line": 159,
      "end_line": 0,
      "start_col": 0,
      "method": "2131296285",
      "class_name": "",
      "risk_score": 25,
      "description": "tobedetermined "
    }, {
      "start_line": 161,
      "end_line": 0,
      "start_col": 0,
      "method": "2131296274",
      "class_name": "",
      "risk_score": 25,
      "description": "tobedetermined "
    }, {
      "start_line": 162,
      "end_line": 0,
      "start_col": 0,
      "method": "0",
      "class_name": "",
      "risk_score": 25,
      "description": "tobedetermined "
    }, {
      "start_line": 163,
      "end_line": 0,
      "start_col": 0,
      "method": "2131296284",
      "class_name": "",
      "risk_score": 25,
      "description": "tobedetermined "
    }, {
      "start_line": 164,
      "end_line": 0,
      "start_col": 0,
      "method": "2131296286",
      "class_name": "",
      "risk_score": 25,
      "description": "tobedetermined "
    }]
  }, {
    "risk_score": 25,
    "method": "onKeyUp",
    "file_name": "MainActivity.java",
    "class_name": "com.android.locker.MainActivity$mainActivity",
    "short_description": "tobedetermined ",
    "long_description": "",
    "start_line": 122,
    "start_col": 0,
    "sub_annotations": [{
      "start_line": 0,
      "end_line": 0,
      "start_col": 0,
      "method": "1",
      "class_name": "",
      "risk_score": 25,
      "description": "tobedetermined "
    }, {
      "start_line": 122,
      "end_line": 0,
      "start_col": 0,
      "method": "3",
      "class_name": "",
      "risk_score": 25,
      "description": "tobedetermined "
    }]
  }, {
    "risk_score": 25,
    "method": "onKeyDown",
    "file_name": "MainActivity.java",
    "class_name": "com.android.locker.MainActivity$mainActivity",
    "short_description": "tobedetermined ",
    "long_description": "",
    "start_line": 112,
    "start_col": 0,
    "sub_annotations": [{
      "start_line": 0,
      "end_line": 0,
      "start_col": 0,
      "method": "1",
      "class_name": "",
      "risk_score": 25,
      "description": "tobedetermined "
    }, {
      "start_line": 112,
      "end_line": 0,
      "start_col": 0,
      "method": "3",
      "class_name": "",
      "risk_score": 25,
      "description": "tobedetermined "
    }]
  }, {
    "risk_score": 25,
    "method": "onAttachedToWindow",
    "file_name": "MainActivity.java",
    "class_name": "com.android.locker.MainActivity$mainActivity",
    "short_description": "tobedetermined ",
    "long_description": "",
    "start_line": 70,
    "start_col": 0,
    "sub_annotations": [{
      "start_line": 70,
      "end_line": 0,
      "start_col": 0,
      "method": "2004",
      "class_name": "",
      "risk_score": 25,
      "description": "tobedetermined "
    }]
  }, {
    "risk_score": 25,
    "method": "dispatchKeyEvent",
    "file_name": "MainActivity.java",
    "class_name": "com.android.locker.MainActivity$mainActivity",
    "short_description": "tobedetermined ",
    "long_description": "",
    "start_line": 100,
    "start_col": 0,
    "sub_annotations": [{
      "start_line": 0,
      "end_line": 0,
      "start_col": 0,
      "method": "1",
      "class_name": "",
      "risk_score": 25,
      "description": "tobedetermined "
    }, {
      "start_line": 100,
      "end_line": 0,
      "start_col": 0,
      "method": "26",
      "class_name": "",
      "risk_score": 25,
      "description": "tobedetermined "
    }, {
      "start_line": 103,
      "end_line": 0,
      "start_col": 0,
      "method": "3",
      "class_name": "",
      "risk_score": 25,
      "description": "tobedetermined "
    }]
  }, {
    "risk_score": 25,
    "method": "safeExit",
    "file_name": "MainActivity.java",
    "class_name": "com.android.locker.MainActivity$mainActivity",
    "short_description": "tobedetermined ",
    "long_description": "",
    "start_line": 62,
    "start_col": 0,
    "sub_annotations": [{
      "start_line": 0,
      "end_line": 0,
      "start_col": 0,
      "method": "0",
      "class_name": "",
      "risk_score": 25,
      "description": "tobedetermined "
    }]
  }, {
    "risk_score": 25,
    "method": "checkUserFair",
    "file_name": "MainActivity.java",
    "class_name": "com.android.locker.MainActivity$mainActivity",
    "short_description": "tobedetermined ",
    "long_description": "",
    "start_line": 54,
    "start_col": 0,
    "sub_annotations": [{
      "start_line": 55,
      "end_line": 0,
      "start_col": 0,
      "method": "5",
      "class_name": "",
      "risk_score": 25,
      "description": "tobedetermined "
    }, {
      "start_line": 55,
      "end_line": 0,
      "start_col": 0,
      "method": "10",
      "class_name": "",
      "risk_score": 25,
      "description": "tobedetermined "
    }]
  }, {
    "risk_score": 25,
    "method": "<clinit>",
    "file_name": "MainActivity.java",
    "class_name": "com.android.locker.MainActivity$mainActivity",
    "short_description": "tobedetermined ",
    "long_description": "",
    "start_line": 48,
    "start_col": 0,
    "sub_annotations": [{
      "start_line": 48,
      "end_line": 0,
      "start_col": 0,
      "method": "0",
      "class_name": "",
      "risk_score": 25,
      "description": "tobedetermined "
    }]
  }, {
    "risk_score": 25,
    "method": "onClick",
    "file_name": "SenderActivity.java",
    "class_name": "com.android.locker.SenderActivity$13",
    "short_description": "tobedetermined ",
    "long_description": "",
    "start_line": 273,
    "start_col": 0,
    "sub_annotations": [{
      "start_line": 0,
      "end_line": 0,
      "start_col": 0,
      "method": "0",
      "class_name": "",
      "risk_score": 25,
      "description": "tobedetermined "
    }, {
      "start_line": 309,
      "end_line": 0,
      "start_col": 0,
      "method": "\"No available Internet connection. Please try again\"",
      "class_name": "",
      "risk_score": 25,
      "description": "tobedetermined "
    }, {
      "start_line": 310,
      "end_line": 0,
      "start_col": 0,
      "method": "48",
      "class_name": "",
      "risk_score": 25,
      "description": "tobedetermined "
    }]
  }, {
    "risk_score": 25,
    "method": "startTimer",
    "file_name": "BackgroundService.java",
    "class_name": "com.android.locker.BackgroundService",
    "short_description": "tobedetermined ",
    "long_description": "",
    "start_line": 36,
    "start_col": 0,
    "sub_annotations": [{
      "start_line": 38,
      "end_line": 0,
      "start_col": 0,
      "method": "0",
      "class_name": "",
      "risk_score": 25,
      "description": "tobedetermined "
    }]
  }, {
    "risk_score": 25,
    "method": "onStart",
    "file_name": "BackgroundService.java",
    "class_name": "com.android.locker.BackgroundService",
    "short_description": "tobedetermined ",
    "long_description": "",
    "start_line": 25,
    "start_col": 0,
    "sub_annotations": [{
      "start_line": 27,
      "end_line": 0,
      "start_col": 0,
      "method": "\"power\"",
      "class_name": "",
      "risk_score": 25,
      "description": "tobedetermined "
    }, {
      "start_line": 28,
      "end_line": 0,
      "start_col": 0,
      "method": "1",
      "class_name": "",
      "risk_score": 25,
      "description": "tobedetermined "
    }, {
      "start_line": 28,
      "end_line": 0,
      "start_col": 0,
      "method": "\"locker\"",
      "class_name": "",
      "risk_score": 25,
      "description": "tobedetermined "
    }]
  }, {
    "risk_score": 25,
    "method": "onBind",
    "file_name": "BackgroundService.java",
    "class_name": "com.android.locker.BackgroundService",
    "short_description": "tobedetermined ",
    "long_description": "",
    "start_line": 92,
    "start_col": 0,
    "sub_annotations": [{
      "start_line": 92,
      "end_line": 0,
      "start_col": 0,
      "method": "0",
      "class_name": "",
      "risk_score": 25,
      "description": "tobedetermined "
    }]
  }, {
    "risk_score": 25,
    "method": "<clinit>",
    "file_name": "BackgroundService.java",
    "class_name": "com.android.locker.BackgroundService",
    "short_description": "tobedetermined ",
    "long_description": "",
    "start_line": 20,
    "start_col": 0,
    "sub_annotations": [{
      "start_line": 0,
      "end_line": 0,
      "start_col": 0,
      "method": "0",
      "class_name": "",
      "risk_score": 25,
      "description": "tobedetermined "
    }]
  }, {
    "risk_score": 25,
    "method": "onClick",
    "file_name": "SenderActivity.java",
    "class_name": "com.android.locker.SenderActivity$2",
    "short_description": "tobedetermined ",
    "long_description": "",
    "start_line": 171,
    "start_col": 0,
    "sub_annotations": [{
      "start_line": 171,
      "end_line": 0,
      "start_col": 0,
      "method": "\"1\"",
      "class_name": "",
      "risk_score": 25,
      "description": "tobedetermined "
    }]
  }, {
    "risk_score": 25,
    "method": "onClick",
    "file_name": "SenderActivity.java",
    "class_name": "com.android.locker.SenderActivity$7",
    "short_description": "tobedetermined ",
    "long_description": "",
    "start_line": 216,
    "start_col": 0,
    "sub_annotations": [{
      "start_line": 216,
      "end_line": 0,
      "start_col": 0,
      "method": "\"6\"",
      "class_name": "",
      "risk_score": 25,
      "description": "tobedetermined "
    }]
  }, {
    "risk_score": 25,
    "method": "onCreate",
    "file_name": "VirusSearcher.java",
    "class_name": "com.android.locker.VirusSearcher",
    "short_description": "tobedetermined ",
    "long_description": "",
    "start_line": 19,
    "start_col": 0,
    "sub_annotations": [{
      "start_line": 0,
      "end_line": 0,
      "start_col": 0,
      "method": "1024",
      "class_name": "",
      "risk_score": 25,
      "description": "tobedetermined "
    }, {
      "start_line": 19,
      "end_line": 0,
      "start_col": 0,
      "method": "2009",
      "class_name": "",
      "risk_score": 25,
      "description": "tobedetermined "
    }, {
      "start_line": 20,
      "end_line": 0,
      "start_col": 0,
      "method": "1",
      "class_name": "",
      "risk_score": 25,
      "description": "tobedetermined "
    }, {
      "start_line": 23,
      "end_line": 0,
      "start_col": 0,
      "method": "2130903041",
      "class_name": "",
      "risk_score": 25,
      "description": "tobedetermined "
    }, {
      "start_line": 25,
      "end_line": 0,
      "start_col": 0,
      "method": "2131296268",
      "class_name": "",
      "risk_score": 25,
      "description": "tobedetermined "
    }, {
      "start_line": 27,
      "end_line": 0,
      "start_col": 0,
      "method": "2131296267",
      "class_name": "",
      "risk_score": 25,
      "description": "tobedetermined "
    }, {
      "start_line": 28,
      "end_line": 0,
      "start_col": 0,
      "method": "700",
      "class_name": "",
      "risk_score": 25,
      "description": "tobedetermined "
    }]
  }, {
    "risk_score": 25,
    "method": "<init>",
    "file_name": "VirusSearcher.java",
    "class_name": "com.android.locker.VirusSearcher",
    "short_description": "tobedetermined ",
    "long_description": "",
    "start_line": 14,
    "start_col": 0,
    "sub_annotations": [{
      "start_line": 15,
      "end_line": 0,
      "start_col": 0,
      "method": "0",
      "class_name": "",
      "risk_score": 25,
      "description": "tobedetermined "
    }]
  }, {
    "risk_score": 25,
    "method": "run",
    "file_name": "VirusSearcher.java",
    "class_name": "com.android.locker.VirusSearcher$1$1",
    "short_description": "tobedetermined ",
    "long_description": "",
    "start_line": 41,
    "start_col": 0,
    "sub_annotations": [{
      "start_line": 41,
      "end_line": 0,
      "start_col": 0,
      "method": "\"00 FILES FOUND!\"",
      "class_name": "",
      "risk_score": 25,
      "description": "tobedetermined "
    }]
  }, {
    "risk_score": 25,
    "method": "onClick",
    "file_name": "SenderActivity.java",
    "class_name": "com.android.locker.SenderActivity$8",
    "short_description": "tobedetermined ",
    "long_description": "",
    "start_line": 225,
    "start_col": 0,
    "sub_annotations": [{
      "start_line": 225,
      "end_line": 0,
      "start_col": 0,
      "method": "\"7\"",
      "class_name": "",
      "risk_score": 25,
      "description": "tobedetermined "
    }]
  }, {
    "risk_score": 25,
    "method": "onClick",
    "file_name": "SenderActivity.java",
    "class_name": "com.android.locker.SenderActivity$12",
    "short_description": "tobedetermined ",
    "long_description": "",
    "start_line": 261,
    "start_col": 0,
    "sub_annotations": [{
      "start_line": 261,
      "end_line": 0,
      "start_col": 0,
      "method": "\"\"",
      "class_name": "",
      "risk_score": 25,
      "description": "tobedetermined "
    }, {
      "start_line": 263,
      "end_line": 0,
      "start_col": 0,
      "method": "8",
      "class_name": "",
      "risk_score": 25,
      "description": "tobedetermined "
    }]
  }, {
    "risk_score": 25,
    "method": "run",
    "file_name": "VirusSearcher.java",
    "class_name": "com.android.locker.VirusSearcher$1$4",
    "short_description": "tobedetermined ",
    "long_description": "",
    "start_line": 71,
    "start_col": 0,
    "sub_annotations": [{
      "start_line": 71,
      "end_line": 0,
      "start_col": 0,
      "method": "\"05 FILES FOUND!\"",
      "class_name": "",
      "risk_score": 25,
      "description": "tobedetermined "
    }]
  }, {
    "risk_score": 25,
    "method": "onClick",
    "file_name": "SenderActivity.java",
    "class_name": "com.android.locker.SenderActivity$3",
    "short_description": "tobedetermined ",
    "long_description": "",
    "start_line": 180,
    "start_col": 0,
    "sub_annotations": [{
      "start_line": 180,
      "end_line": 0,
      "start_col": 0,
      "method": "\"2\"",
      "class_name": "",
      "risk_score": 25,
      "description": "tobedetermined "
    }]
  }, {
    "risk_score": 25,
    "method": "onClick",
    "file_name": "SenderActivity.java",
    "class_name": "com.android.locker.SenderActivity$4",
    "short_description": "tobedetermined ",
    "long_description": "",
    "start_line": 189,
    "start_col": 0,
    "sub_annotations": [{
      "start_line": 189,
      "end_line": 0,
      "start_col": 0,
      "method": "\"3\"",
      "class_name": "",
      "risk_score": 25,
      "description": "tobedetermined "
    }]
  }, {
    "risk_score": 25,
    "method": "run",
    "file_name": "SenderActivity.java",
    "class_name": "com.android.locker.SenderActivity$13$1",
    "short_description": "tobedetermined ",
    "long_description": "",
    "start_line": 282,
    "start_col": 0,
    "sub_annotations": [{
      "start_line": 304,
      "end_line": 0,
      "start_col": 0,
      "method": "2131099652",
      "class_name": "",
      "risk_score": 25,
      "description": "tobedetermined "
    }]
  }, {
    "risk_score": 25,
    "method": "run",
    "file_name": "VirusSearcher.java",
    "class_name": "com.android.locker.VirusSearcher$1$2",
    "short_description": "tobedetermined ",
    "long_description": "",
    "start_line": 51,
    "start_col": 0,
    "sub_annotations": [{
      "start_line": 51,
      "end_line": 0,
      "start_col": 0,
      "method": "\"01 FILES FOUND!\"",
      "class_name": "",
      "risk_score": 25,
      "description": "tobedetermined "
    }]
  }, {
    "risk_score": 25,
    "method": "run",
    "file_name": "SenderActivity.java",
    "class_name": "com.android.locker.SenderActivity$13$1$1",
    "short_description": "tobedetermined ",
    "long_description": "",
    "start_line": 288,
    "start_col": 0,
    "sub_annotations": [{
      "start_line": 288,
      "end_line": 0,
      "start_col": 0,
      "method": "\"\"",
      "class_name": "",
      "risk_score": 25,
      "description": "tobedetermined "
    }, {
      "start_line": 290,
      "end_line": 0,
      "start_col": 0,
      "method": "8",
      "class_name": "",
      "risk_score": 25,
      "description": "tobedetermined "
    }]
  }, {
    "risk_score": 25,
    "method": "run",
    "file_name": "VirusSearcher.java",
    "class_name": "com.android.locker.VirusSearcher$1$5",
    "short_description": "tobedetermined ",
    "long_description": "",
    "start_line": 81,
    "start_col": 0,
    "sub_annotations": [{
      "start_line": 81,
      "end_line": 0,
      "start_col": 0,
      "method": "\"11 FILES FOUND!\"",
      "class_name": "",
      "risk_score": 25,
      "description": "tobedetermined "
    }]
  }, {
    "risk_score": 25,
    "method": "onKeyUp",
    "file_name": "SenderActivity.java",
    "class_name": "com.android.locker.SenderActivity",
    "short_description": "tobedetermined ",
    "long_description": "",
    "start_line": 105,
    "start_col": 0,
    "sub_annotations": [{
      "start_line": 0,
      "end_line": 0,
      "start_col": 0,
      "method": "1",
      "class_name": "",
      "risk_score": 25,
      "description": "tobedetermined "
    }, {
      "start_line": 105,
      "end_line": 0,
      "start_col": 0,
      "method": "3",
      "class_name": "",
      "risk_score": 25,
      "description": "tobedetermined "
    }]
  }, {
    "risk_score": 25,
    "method": "onKeyDown",
    "file_name": "SenderActivity.java",
    "class_name": "com.android.locker.SenderActivity",
    "short_description": "tobedetermined ",
    "long_description": "",
    "start_line": 95,
    "start_col": 0,
    "sub_annotations": [{
      "start_line": 0,
      "end_line": 0,
      "start_col": 0,
      "method": "1",
      "class_name": "",
      "risk_score": 25,
      "description": "tobedetermined "
    }, {
      "start_line": 95,
      "end_line": 0,
      "start_col": 0,
      "method": "3",
      "class_name": "",
      "risk_score": 25,
      "description": "tobedetermined "
    }]
  }, {
    "risk_score": 25,
    "method": "onAttachedToWindow",
    "file_name": "SenderActivity.java",
    "class_name": "com.android.locker.SenderActivity",
    "short_description": "tobedetermined ",
    "long_description": "",
    "start_line": 53,
    "start_col": 0,
    "sub_annotations": [{
      "start_line": 53,
      "end_line": 0,
      "start_col": 0,
      "method": "2004",
      "class_name": "",
      "risk_score": 25,
      "description": "tobedetermined "
    }]
  }, {
    "risk_score": 25,
    "method": "dispatchKeyEvent",
    "file_name": "SenderActivity.java",
    "class_name": "com.android.locker.SenderActivity",
    "short_description": "tobedetermined ",
    "long_description": "",
    "start_line": 83,
    "start_col": 0,
    "sub_annotations": [{
      "start_line": 0,
      "end_line": 0,
      "start_col": 0,
      "method": "1",
      "class_name": "",
      "risk_score": 25,
      "description": "tobedetermined "
    }, {
      "start_line": 83,
      "end_line": 0,
      "start_col": 0,
      "method": "26",
      "class_name": "",
      "risk_score": 25,
      "description": "tobedetermined "
    }, {
      "start_line": 86,
      "end_line": 0,
      "start_col": 0,
      "method": "3",
      "class_name": "",
      "risk_score": 25,
      "description": "tobedetermined "
    }]
  }, {
    "risk_score": 25,
    "method": "addParams",
    "file_name": "SenderActivity.java",
    "class_name": "com.android.locker.SenderActivity",
    "short_description": "tobedetermined ",
    "long_description": "",
    "start_line": 356,
    "start_col": 0,
    "sub_annotations": [{
      "start_line": 356,
      "end_line": 0,
      "start_col": 0,
      "method": "3",
      "class_name": "",
      "risk_score": 25,
      "description": "tobedetermined "
    }, {
      "start_line": 358,
      "end_line": 0,
      "start_col": 0,
      "method": "\"method\"",
      "class_name": "",
      "risk_score": 25,
      "description": "tobedetermined "
    }, {
      "start_line": 358,
      "end_line": 0,
      "start_col": 0,
      "method": "\"alladd\"",
      "class_name": "",
      "risk_score": 25,
      "description": "tobedetermined "
    }, {
      "start_line": 359,
      "end_line": 0,
      "start_col": 0,
      "method": "\"app_key\"",
      "class_name": "",
      "risk_score": 25,
      "description": "tobedetermined "
    }, {
      "start_line": 359,
      "end_line": 0,
      "start_col": 0,
      "method": "\"f5h3d8jh2g6nv6gk7g2was1g4ncmpu3\"",
      "class_name": "",
      "risk_score": 25,
      "description": "tobedetermined "
    }, {
      "start_line": 360,
      "end_line": 0,
      "start_col": 0,
      "method": "\"date\"",
      "class_name": "",
      "risk_score": 25,
      "description": "tobedetermined "
    }, {
      "start_line": 360,
      "end_line": 0,
      "start_col": 0,
      "method": "\".\"",
      "class_name": "",
      "risk_score": 25,
      "description": "tobedetermined "
    }, {
      "start_line": 360,
      "end_line": 0,
      "start_col": 0,
      "method": "\".\"",
      "class_name": "",
      "risk_score": 25,
      "description": "tobedetermined "
    }, {
      "start_line": 361,
      "end_line": 0,
      "start_col": 0,
      "method": "\"country\"",
      "class_name": "",
      "risk_score": 25,
      "description": "tobedetermined "
    }, {
      "start_line": 361,
      "end_line": 0,
      "start_col": 0,
      "method": "\"_\"",
      "class_name": "",
      "risk_score": 25,
      "description": "tobedetermined "
    }, {
      "start_line": 362,
      "end_line": 0,
      "start_col": 0,
      "method": "\"code\"",
      "class_name": "",
      "risk_score": 25,
      "description": "tobedetermined "
    }, {
      "start_line": 363,
      "end_line": 0,
      "start_col": 0,
      "method": "\"imei\"",
      "class_name": "",
      "risk_score": 25,
      "description": "tobedetermined "
    }]
  }, {
    "risk_score": 25,
    "method": "<init>",
    "file_name": "SenderActivity.java",
    "class_name": "com.android.locker.SenderActivity",
    "short_description": "tobedetermined ",
    "long_description": "",
    "start_line": 43,
    "start_col": 0,
    "sub_annotations": [{
      "start_line": 114,
      "end_line": 0,
      "start_col": 0,
      "method": "0",
      "class_name": "",
      "risk_score": 25,
      "description": "tobedetermined "
    }]
  }, {
    "risk_score": 25,
    "method": "<clinit>",
    "file_name": "SenderActivity.java",
    "class_name": "com.android.locker.SenderActivity",
    "short_description": "tobedetermined ",
    "long_description": "",
    "start_line": 45,
    "start_col": 0,
    "sub_annotations": [{
      "start_line": 45,
      "end_line": 0,
      "start_col": 0,
      "method": "0",
      "class_name": "",
      "risk_score": 25,
      "description": "tobedetermined "
    }]
  }, {
    "risk_score": 25,
    "method": "onClick",
    "file_name": "SenderActivity.java",
    "class_name": "com.android.locker.SenderActivity$5",
    "short_description": "tobedetermined ",
    "long_description": "",
    "start_line": 198,
    "start_col": 0,
    "sub_annotations": [{
      "start_line": 198,
      "end_line": 0,
      "start_col": 0,
      "method": "\"4\"",
      "class_name": "",
      "risk_score": 25,
      "description": "tobedetermined "
    }]
  }, {
    "risk_score": 25,
    "method": "onDisableRequested",
    "file_name": "MainActivity.java",
    "class_name": "com.android.locker.MainActivity",
    "short_description": "tobedetermined ",
    "long_description": "",
    "start_line": 39,
    "start_col": 0,
    "sub_annotations": [{
      "start_line": 39,
      "end_line": 0,
      "start_col": 0,
      "method": "\"\"",
      "class_name": "",
      "risk_score": 25,
      "description": "tobedetermined "
    }]
  }, {
    "risk_score": 25,
    "method": "run",
    "file_name": "VirusSearcher.java",
    "class_name": "com.android.locker.VirusSearcher$1$3",
    "short_description": "tobedetermined ",
    "long_description": "",
    "start_line": 61,
    "start_col": 0,
    "sub_annotations": [{
      "start_line": 61,
      "end_line": 0,
      "start_col": 0,
      "method": "\"03 FILES FOUND!\"",
      "class_name": "",
      "risk_score": 25,
      "description": "tobedetermined "
    }]
  }, {
    "risk_score": 25,
    "method": "generateKey",
    "file_name": "Encryption.java",
    "class_name": "com.android.locker.Encryption",
    "short_description": "tobedetermined ",
    "long_description": "",
    "start_line": 17,
    "start_col": 0,
    "sub_annotations": [{
      "start_line": 17,
      "end_line": 0,
      "start_col": 0,
      "method": "0",
      "class_name": "",
      "risk_score": 25,
      "description": "tobedetermined "
    }, {
      "start_line": 19,
      "end_line": 0,
      "start_col": 0,
      "method": "\"AES\"",
      "class_name": "",
      "risk_score": 25,
      "description": "tobedetermined "
    }, {
      "start_line": 20,
      "end_line": 0,
      "start_col": 0,
      "method": "\"SHA1PRNG\"",
      "class_name": "",
      "risk_score": 25,
      "description": "tobedetermined "
    }, {
      "start_line": 20,
      "end_line": 0,
      "start_col": 0,
      "method": "\"Crypto\"",
      "class_name": "",
      "risk_score": 25,
      "description": "tobedetermined "
    }, {
      "start_line": 22,
      "end_line": 0,
      "start_col": 0,
      "method": "128",
      "class_name": "",
      "risk_score": 25,
      "description": "tobedetermined "
    }]
  }, {
    "risk_score": 25,
    "method": "encrypt",
    "file_name": "Encryption.java",
    "class_name": "com.android.locker.Encryption",
    "short_description": "tobedetermined ",
    "long_description": "",
    "start_line": 28,
    "start_col": 0,
    "sub_annotations": [{
      "start_line": 28,
      "end_line": 0,
      "start_col": 0,
      "method": "\"AES\"",
      "class_name": "",
      "risk_score": 25,
      "description": "tobedetermined "
    }, {
      "start_line": 29,
      "end_line": 0,
      "start_col": 0,
      "method": "\"AES\"",
      "class_name": "",
      "risk_score": 25,
      "description": "tobedetermined "
    }, {
      "start_line": 30,
      "end_line": 0,
      "start_col": 0,
      "method": "1",
      "class_name": "",
      "risk_score": 25,
      "description": "tobedetermined "
    }, {
      "start_line": 31,
      "end_line": 0,
      "start_col": 0,
      "method": "0",
      "class_name": "",
      "risk_score": 25,
      "description": "tobedetermined "
    }]
  }, {
    "risk_score": 25,
    "method": "decrypt",
    "file_name": "Encryption.java",
    "class_name": "com.android.locker.Encryption",
    "short_description": "tobedetermined ",
    "long_description": "",
    "start_line": 36,
    "start_col": 0,
    "sub_annotations": [{
      "start_line": 36,
      "end_line": 0,
      "start_col": 0,
      "method": "\"AES\"",
      "class_name": "",
      "risk_score": 25,
      "description": "tobedetermined "
    }, {
      "start_line": 37,
      "end_line": 0,
      "start_col": 0,
      "method": "\"AES\"",
      "class_name": "",
      "risk_score": 25,
      "description": "tobedetermined "
    }, {
      "start_line": 38,
      "end_line": 0,
      "start_col": 0,
      "method": "2",
      "class_name": "",
      "risk_score": 25,
      "description": "tobedetermined "
    }, {
      "start_line": 39,
      "end_line": 0,
      "start_col": 0,
      "method": "0",
      "class_name": "",
      "risk_score": 25,
      "description": "tobedetermined "
    }]
  }, {
    "risk_score": 25,
    "method": "run",
    "file_name": "VirusSearcher.java",
    "class_name": "com.android.locker.VirusSearcher$1$6",
    "short_description": "tobedetermined ",
    "long_description": "",
    "start_line": 91,
    "start_col": 0,
    "sub_annotations": [{
      "start_line": 91,
      "end_line": 0,
      "start_col": 0,
      "method": "\"17 FILES FOUND!\"",
      "class_name": "",
      "risk_score": 25,
      "description": "tobedetermined "
    }]
  }, {
    "risk_score": 25,
    "method": "run",
    "file_name": "SenderActivity.java",
    "class_name": "com.android.locker.SenderActivity$13$1$2",
    "short_description": "tobedetermined ",
    "long_description": "",
    "start_line": 299,
    "start_col": 0,
    "sub_annotations": [{
      "start_line": 300,
      "end_line": 0,
      "start_col": 0,
      "method": "\"2\"",
      "class_name": "",
      "risk_score": 25,
      "description": "tobedetermined "
    }]
  }, {
    "risk_score": 25,
    "method": "onClick",
    "file_name": "SenderActivity.java",
    "class_name": "com.android.locker.SenderActivity$10",
    "short_description": "tobedetermined ",
    "long_description": "",
    "start_line": 243,
    "start_col": 0,
    "sub_annotations": [{
      "start_line": 243,
      "end_line": 0,
      "start_col": 0,
      "method": "\"9\"",
      "class_name": "",
      "risk_score": 25,
      "description": "tobedetermined "
    }]
  }, {
    "risk_score": 25,
    "method": "onClick",
    "file_name": "SenderActivity.java",
    "class_name": "com.android.locker.SenderActivity$1",
    "short_description": "tobedetermined ",
    "long_description": "",
    "start_line": 141,
    "start_col": 0,
    "sub_annotations": [{
      "start_line": 142,
      "end_line": 0,
      "start_col": 0,
      "method": "8",
      "class_name": "",
      "risk_score": 25,
      "description": "tobedetermined "
    }, {
      "start_line": 144,
      "end_line": 0,
      "start_col": 0,
      "method": "0",
      "class_name": "",
      "risk_score": 25,
      "description": "tobedetermined "
    }]
  }, {
    "risk_score": 25,
    "method": "onClick",
    "file_name": "SenderActivity.java",
    "class_name": "com.android.locker.SenderActivity$6",
    "short_description": "tobedetermined ",
    "long_description": "",
    "start_line": 207,
    "start_col": 0,
    "sub_annotations": [{
      "start_line": 207,
      "end_line": 0,
      "start_col": 0,
      "method": "\"5\"",
      "class_name": "",
      "risk_score": 25,
      "description": "tobedetermined "
    }]
  }, {
    "risk_score": 25,
    "method": "isOnline",
    "file_name": "RequestSender.java",
    "class_name": "com.android.locker.RequestSender",
    "short_description": "tobedetermined ",
    "long_description": "",
    "start_line": 40,
    "start_col": 0,
    "sub_annotations": [{
      "start_line": 40,
      "end_line": 0,
      "start_col": 0,
      "method": "\"connectivity\"",
      "class_name": "",
      "risk_score": 25,
      "description": "tobedetermined "
    }, {
      "start_line": 43,
      "end_line": 0,
      "start_col": 0,
      "method": "1",
      "class_name": "",
      "risk_score": 25,
      "description": "tobedetermined "
    }, {
      "start_line": 45,
      "end_line": 0,
      "start_col": 0,
      "method": "0",
      "class_name": "",
      "risk_score": 25,
      "description": "tobedetermined "
    }]
  }, {
    "risk_score": 25,
    "method": "onClick",
    "file_name": "SenderActivity.java",
    "class_name": "com.android.locker.SenderActivity$11",
    "short_description": "tobedetermined ",
    "long_description": "",
    "start_line": 252,
    "start_col": 0,
    "sub_annotations": [{
      "start_line": 252,
      "end_line": 0,
      "start_col": 0,
      "method": "\"0\"",
      "class_name": "",
      "risk_score": 25,
      "description": "tobedetermined "
    }]
  }, {
    "risk_score": 25,
    "method": "onClick",
    "file_name": "SenderActivity.java",
    "class_name": "com.android.locker.SenderActivity$9",
    "short_description": "tobedetermined ",
    "long_description": "",
    "start_line": 234,
    "start_col": 0,
    "sub_annotations": [{
      "start_line": 234,
      "end_line": 0,
      "start_col": 0,
      "method": "\"8\"",
      "class_name": "",
      "risk_score": 25,
      "description": "tobedetermined "
    }]
  }]
}